concessionario;nome_commerciale;num_ticket;ticket_calcolati;ticket_esclusi_incompatibili;ticket_compatibili;ticket_correlati;ticket_misti;ticket_non_mappati;ticket_incompatibili;somma_importo_pagato;somma_vincita_potenziale;somma_valore_atteso
DOMUSBET;WWW.DOMUSBET.IT;327141;327121;20;45101;172;387;281461;20;5903144,45;242181824,61;5909136,812055
WILLIAMHILL;WWW.WILLIAMHILL.IT;5476;5476;0;1118;0;0;4358;0;150730,6;7112098,0;149733,385989
STARCASINO;WWW.BETSSON.IT;4518;4518;0;1052;0;3;3463;0;117703,85;5227233,56;117254,818491
SPORTBET;SPORTBET.IT;3278;3278;0;428;0;1;2849;0;43175,45;4610932,37;42911,447939
STANLEYBET;WWW.STANLEYBET.IT;3028;3028;0;794;0;1;2233;0;38179,7;5733517,11;36313,095735
MARATHON;MARATHONBET.IT;581;581;0;98;0;0;483;0;30312,9;551320,96;30247,333136
MARATHON;WWW.MARATHONBET_PVR.IT;1748;1748;0;345;0;1;1402;0;29915,05;5487216,86;29207,962281
MARATHON;WWW.MARATHONBET_TIPSTER.IT;749;749;0;64;0;0;685;0;17860,3;426433,44;17700,793462
STARCASINO;WWW.STARCASINO.IT;1050;1050;0;304;0;0;746;0;16056,1;1438506,55;15560,330105
BBET;WWW.BGAME.IT;673;671;2;94;0;2;575;2;15079,7;1061279,03;15062,976477
ADMIRAL;MONTEMURLO LABRIOLA;45;45;0;0;0;0;45;0;15024,0;85998,0;15024,0
BBET;WWW.BBET.EU;1404;1404;0;226;0;0;1178;0;12427,15;3832002,28;12424,216307
360BET;360BET.IT;519;519;0;181;0;0;338;0;9462,7;312269,25;9534,673458
BBET;WWW.TOPBET24.IT;408;408;0;75;0;0;333;0;8441,7;672554,87;7859,018979
TOTOSI;WWW.TOTOSI.IT;575;575;0;177;0;1;397;0;7083,3;1095398,92;7070,032649
ADMIRAL;SAN GIOVANNI TEATINO SALARA;33;33;0;0;0;0;33;0;6051,0;31064,9;6051,0
ADMIRAL;WWW.ADMIRALBET.IT;321;321;0;0;0;0;321;0;5279,55;511659,16;5162,083797
BBET;WWW.ALLINBET.EU;545;545;0;108;0;0;437;0;4489,3;908062,25;4348,941236
ADMIRAL;BOLOGNA CARRACCI;21;21;0;0;0;0;21;0;4231,8;25317,87;4214,689839
ADMIRAL;MISANO ADRIATICO ADRIATICA;38;38;0;0;0;0;38;0;3546,0;17806,3;3545,998882
ADMIRAL;ROMA CASILINA;13;13;0;0;0;0;13;0;4105,15;30180,53;2652,171523
ADMIRAL;L''AQUILA SARAGAT;6;6;0;0;0;0;6;0;2502,0;5663,25;2502,0
ADMIRAL;ROMA GAI;10;10;0;0;0;0;10;0;2135,0;4195,1900000000005;2134,996071
ADMIRAL;PARMA LEPIDO;10;10;0;0;0;0;10;0;1914,0;21624,1;1913,999812
ADMIRAL;FAENZA MENGOLINA;56;56;0;0;0;0;56;0;1795,8;213903,76;1705,505467
ADMIRAL;ANCONA MONTEBELLO;16;16;0;0;0;0;16;0;1575,0;25295,0;1575,0
BBET;WWW.SPORTBULL.IT;189;189;0;23;0;0;166;0;1331,2;282976,37;1314,188953
ADMIRAL;FUCECCHIO DANTE;14;14;0;0;0;0;14;0;1035,0;44000,19;1035,0
BBET;WWW.DNGAMES.IT;135;135;0;23;0;0;112;0;955,8;236688,76;951,174751
ADMIRAL;WWW.STARVEGAS.IT;37;37;0;0;0;0;37;0;914,1;18323,08;914,096435
ADMIRAL;LAVAGNA BATTISTI;12;12;0;0;0;0;12;0;974,0;4642,4;890,666667
BBET;WWW.SOCIALGAME24.IT;51;51;0;7;0;0;44;0;722,1;21739,54;777,191641
ADMIRAL;TRENTO MACCANI;20;20;0;0;0;0;20;0;571,5;12867,64;571,498031
ADMIRAL;MARIGLIANO SAN FRANCESCO;4;4;0;0;0;0;4;0;550,0;3948,9;550,0
SPORTBET;WWW.VSTART.IT;20;20;0;0;0;0;20;0;465,0;4049,46;458,421672
ADMIRAL;RIMINI ITALIA;14;14;0;0;0;0;14;0;333,0;33678,81;331,088502
ADMIRAL;ANCONA FLAMINIA;22;22;0;0;0;0;22;0;310,0;44453,869999999995;309,998744
BBET;WWW.UNIONSBET.IT;1;1;0;0;0;0;1;0;280,0;504,0;280,0
ADMIRAL;BRESCIA TRENTO;2;2;0;0;0;0;2;0;200,0;350,0;200,0
ADMIRAL;VERONA ALBERE;6;6;0;0;0;0;6;0;167,0;1166,59;166,996641
ADMIRAL;BRA VERDI;9;9;0;0;0;0;9;0;147,1;980,01;147,097083
SPORTBET;WWW.BETX.IT;5;5;0;0;0;0;5;0;136,0;915,0;136,0
ADMIRAL;GROSSETO AQUILEIA;4;4;0;0;0;0;4;0;130,0;3685,69;129,999481
ADMIRAL;POGGIBONSI TRENTO;47;47;0;0;0;0;47;0;154,35;200971,6;121,668879
ADMIRAL;PESCARA PEPE;6;6;0;0;0;0;6;0;121,2;1585,0;121,2
ADMIRAL;PERO CURIEL;5;5;0;0;0;0;5;0;113,6;1208,3;113,59965500000001
ADMIRAL;CAMPI BISENZIO BARBERINESE;6;6;0;0;0;0;6;0;110,0;10000,0;110,0
ADMIRAL;ROMA MASSAIA;1;1;0;0;0;0;1;0;100,0;1500,0;100,0
ADMIRAL;CHIARAVALLE MATTEOTTI;10;10;0;0;0;0;10;0;90,5;3280,5;90,5
BBET;WWW.MINNIEBET.EU;38;38;0;8;0;0;30;0;95,0;25631,920000000002;83,679343
ADMIRAL;CASALE CORTE CERRO NOVARA;9;9;0;0;0;0;9;0;158,4;18895,489999999998;66,000063
ADMIRAL;FIDENZA PERTINI;8;8;0;0;0;0;8;0;52,2;3444,81;52,199503
BBET;WWW.SKILLJOY.EU;13;13;0;8;0;0;5;0;34,5;62902,04;41,101798
ADMIRAL;SAVONA SERVETTAZ;6;6;0;0;0;0;6;0;37,95;105842,94;37,95
ADMIRAL;CASTELLETTO SOPRA TICINO SEMPIONE;5;5;0;0;0;0;5;0;33,0;6350,92;32,99995
ADMIRAL;MONSUMMANO TERME ABRUZZO;8;8;0;0;0;0;8;0;35,0;4027,33;29,078912000000003
ADMIRAL;BOVOLONE MADONNA;7;7;0;0;0;0;7;0;28,5;1478,5;28,5
BBET;www.mbet.it;23;23;0;11;0;0;12;0;62,8;26494,77;28,347004
ADMIRAL;ROVERETO TRENTO;26;26;0;0;0;0;26;0;28,0;171,38;27,999626
ADMIRAL;FERRARA MODENA;2;2;0;0;0;0;2;0;25,0;1567,5;25,0
ADMIRAL;CAIANELLO CERASELLE;3;3;0;0;0;0;3;0;23,0;689,0;23,0
ADMIRAL;SPINETOLI DE GASPERI;3;3;0;0;0;0;3;0;22,0;1200,69;21,999967
ADMIRAL;ROVIGO EINAUDI;4;4;0;0;0;0;4;0;21,0;24462,19;20,998413
ADMIRAL;SARNO ACQUAROSSA;1;1;0;0;0;0;1;0;20,0;120,0;20,0
ADMIRAL;RIGNANO FLAMINIO FLAMINIA;1;1;0;0;0;0;1;0;20,0;200,0;20,0
ADMIRAL;COGORNO IV NOVEMBRE;5;5;0;0;0;0;5;0;69,0;1858,0;19,200006000000002
ADMIRAL;CAZZAGO SAN MARTINO PERTINI;6;6;0;0;0;0;6;0;19,0;3885,42;18,999994
ADMIRAL;PORTO VIRO ROSSINI;4;4;0;0;0;0;4;0;24,4;13945,97;18,331501
BBET;WWW.GAM-X.EU;15;15;0;1;0;0;14;0;15,0;7782,89;16,038724
ADMIRAL;MILANO POZZI;1;1;0;0;0;0;1;0;12,0;990,0;12,0
ADMIRAL;FOLLONICA CASSARELLO;14;14;0;0;0;0;14;0;558,25;54585,62;12,0
ADMIRAL;VALMONTONE GENAZZANO;2;2;0;0;0;0;2;0;9,0;299,20000000000005;8,999742
ADMIRAL;TORINO ALA DI STURA;2;2;0;0;0;0;2;0;7,0;1325,0;7,0
ADMIRAL;MANZIANA BRACCIANESE CLAUDIA;2;2;0;0;0;0;2;0;7,0;27,5;7,0
ADMIRAL;VITERBO FALCONE E BORSELLINO;2;2;0;0;0;0;2;0;6,0;40,0;6,0
ADMIRAL;MONTESARCHIO SAN GIOVANNI;3;3;0;0;0;0;3;0;5,0;62,0;5,0
ADMIRAL;ASTI PETRARCA;1;1;0;0;0;0;1;0;5,0;17271,66;4,999998
ADMIRAL;SAN GIOVANNI TEATINO AMENDOLA;2;2;0;0;0;0;2;0;4,9;3908,4700000000003;4,899978
BBET;www.Q365.it;4;4;0;1;0;0;3;0;4,0;799,43;4,519243
ADMIRAL;ANCONA MUSONE;3;3;0;0;0;0;3;0;3,0;112891,24;3,0
ADMIRAL;PIACENZA I MAGGIO;1;1;0;0;0;0;1;0;3,0;58,5;3,0
ADMIRAL;ROMA CAPITOLINO;1;1;0;0;0;0;1;0;2,0;55,5;2,0
ADMIRAL;GATTINARA MARCONI;1;1;0;0;0;0;1;0;2,0;1000,0;2,0
ADMIRAL;GALATONE NIZZA;1;1;0;0;0;0;1;0;2,0;200,0;2,0
ADMIRAL;CREVOLADOSSOLA SEMPIONE;1;1;0;0;0;0;1;0;1,5;96,23;1,499937
ADMIRAL;TERNI CHIESA;1;1;0;0;0;0;1;0;1,0;2,5;1,0
ADMIRAL;ROMA CAPRANESI;1;1;0;0;0;0;1;0;1,0;4,0;1,0
ADMIRAL;STRIANO SARNO;1;1;0;0;0;0;1;0;1,0;30000,0;1,0
ADMIRAL;VILLA LITERNO DEI MILLE;1;1;0;0;0;0;1;0;1,0;33,0;1,0
ADMIRAL;VICENZA CRISPI;1;1;0;0;0;0;1;0;1,0;1125,0;1,0
ADMIRAL;SALERNO POSIDONIA;1;1;0;0;0;0;1;0;1,0;221,22;0,999987
ADMIRAL;PESCANTINA BRENNERO;1;1;0;0;0;0;1;0;2,0;40,0;0,025
