iterazione;ticket_vincenti;ticket_esclusi_compatibilita;payout_totale
1;96966;20;18418791,2
2;98684;20;19769555,28
3;96966;20;19682442,39
4;99440;20;19141968,77
5;95556;20;18091110,37
6;94620;20;17495581,13
7;98097;20;19619301,03
8;96339;20;18344062,28
9;95048;20;18343909,37
10;94668;20;18041455,92
11;99978;20;19299649,4
12;102465;20;20517524,82
13;92873;20;17618339,86
14;100225;20;19875035,85
15;95311;20;18564084,59
16;95179;20;17922066,26
17;94743;20;18170337,17
18;99939;20;20210739,26
19;96402;20;18556746,62
20;98034;20;19041081,87
21;96885;20;17890720,48
22;93585;20;17554596,44
23;92536;20;17605141,44
24;92753;20;18485838,13
25;97894;20;18744726,18
26;97491;20;18871268,08
27;95667;20;17953321,24
28;96522;20;18876166,72
29;97482;20;18796531,54
30;97485;20;19010496,29
31;96123;20;17941978,25
32;94219;20;18428716,23
33;95200;20;18753671,18
34;93873;20;18542910,41
35;96296;20;17935348,46
36;95495;20;18555761,69
37;97659;20;18752169,33
38;94790;20;17490944,48
39;95618;20;18256579,37
40;91058;20;17544147,87
41;93575;20;17461751,09
42;92432;20;17732599,51
43;94868;20;18565994,49
44;99037;20;19528521,87
45;94984;20;17524721,37
46;97129;20;19778467,71
47;90182;20;16305977,21
48;95319;20;19249216,55
49;100046;20;20982135,94
50;94119;20;17942760,08
51;90408;20;16598483,09
52;97089;20;19073397,36
53;93863;20;17830188,99
54;94417;20;18186973,72
55;95240;20;18229095,77
56;91221;20;16860321,98
57;101822;20;20703351,51
58;95103;20;17673036,28
59;97581;20;19366459,61
60;92225;20;16819086,49
61;94768;20;19349896,65
62;94527;20;18294467,53
63;95295;20;18018076,67
64;92853;20;17601688,0
65;98187;20;18660862,04
66;98117;20;19880936,17
67;95866;20;18766762,83
68;96896;20;18391349,77
69;94335;20;18591094,51
70;92967;20;17482467,09
71;100444;20;19720833,02
72;96868;20;18887236,03
73;90039;20;16585740,22
74;98371;20;19854161,96
75;89554;20;16641771,27
76;96888;20;18455015,61
77;95425;20;18448427,37
78;95443;20;18119830,0
79;99318;20;19847624,71
80;96459;20;18058378,81
81;97289;20;19118318,39
82;92509;20;17999802,66
83;96722;20;19046193,9
84;100077;20;19290209,93
85;94797;20;17782909,96
86;92799;20;17210365,03
87;96604;20;18884084,78
88;92080;20;16688115,32
89;97099;20;18312590,29
90;94009;20;17392948,53
91;99328;20;19950798,49
92;93735;20;17801018,19
93;93653;20;17552972,08
94;97769;20;18493962,89
95;90656;20;16880917,27
96;94808;20;18220014,93
97;98819;20;18864464,91
98;94950;20;18342302,48
99;96098;20;18408413,01
100;97983;20;19520038,73
101;97748;20;19140995,65
102;97644;20;18698795,0
103;93889;20;17620539,67
104;98068;20;18696437,95
105;97922;20;19091034,08
106;100369;20;18870495,19
107;94051;20;17749532,53
108;97940;20;19669048,47
109;94394;20;18228119,47
110;96314;20;18917064,65
111;94140;20;18390606,98
112;101136;20;20128783,39
113;97455;20;19760171,91
114;101487;20;20622307,56
115;101536;20;19300917,54
116;96634;20;18346112,01
117;98271;20;19477963,98
118;94818;20;17962164,11
119;93739;20;17689874,85
120;100456;20;20373917,49
121;91263;20;17718112,11
122;97659;20;18281131,17
123;96429;20;18626205,5
124;97739;20;19507312,22
125;97914;20;18636577,24
126;96666;20;18974028,59
127;96015;20;17886523,63
128;95089;20;18702237,3
129;94823;20;18336791,43
130;95300;20;18514497,55
131;94872;20;17918572,61
132;94590;20;17404081,25
133;100095;20;19062799,53
134;100313;20;20659628,01
135;90092;20;17538192,99
136;92165;20;16795116,57
137;94029;20;18229994,78
138;98597;20;19290648,69
139;94388;20;18728903,09
140;94852;20;18557806,32
141;93213;20;17877552,47
142;94919;20;18363298,0
143;95917;20;18817783,51
144;93733;20;17886960,48
145;93398;20;18703586,7
146;98571;20;19022994,53
147;92893;20;17616751,82
148;95759;20;18419051,75
149;96395;20;18661665,77
150;99291;20;19579210,21
151;90824;20;16495883,65
152;99857;20;19548537,0
153;92359;20;17319645,06
154;98268;20;19804576,56
155;95831;20;18096400,48
156;92035;20;17613618,93
157;93153;20;17312986,73
158;95915;20;17829194,31
159;92537;20;17042049,82
160;95711;20;17771478,21
161;96305;20;18805274,51
162;98262;20;19429333,61
163;94144;20;17553593,39
164;94787;20;18451745,26
165;96173;20;18950632,4
166;94694;20;17710029,12
167;89218;20;16797362,33
168;94799;20;18297711,97
169;95285;20;17719811,75
170;98084;20;18385750,0
171;98275;20;19002756,56
172;93406;20;17117529,16
173;93245;20;17704713,86
174;96054;20;18795242,82
175;99711;20;19878687,39
176;97445;20;20925653,49
177;98799;20;20059164,94
178;93396;20;17788125,93
179;95755;20;18419265,22
180;99873;20;20370710,08
181;92723;20;17511785,15
182;94960;20;18541491,71
183;97456;20;18367616,21
184;96540;20;19025888,73
185;96492;20;18608134,71
186;92657;20;17655421,64
187;95748;20;18225470,75
188;95016;20;17520781,31
189;92140;20;16923696,89
190;92738;20;17891500,81
191;98773;20;19696746,98
192;95613;20;18213536,15
193;95491;20;18127005,23
194;97075;20;19122614,46
195;97412;20;18894025,19
196;98102;20;19813595,54
197;95947;20;18008476,76
198;97213;20;18701998,06
199;100098;20;19964380,16
200;92105;20;17521897,31
201;94569;20;17983000,92
202;99950;20;19791486,86
203;96354;20;18830967,8
204;93907;20;17180077,41
205;95281;20;18440172,56
206;99740;20;19886710,2
207;96611;20;19576488,91
208;96610;20;18340647,91
209;91667;20;17311519,87
210;92956;20;17920362,7
211;97143;20;18370859,75
212;95899;20;18095101,42
213;95983;20;17943585,85
214;95274;20;19543753,17
215;95370;20;18675232,62
216;96432;20;17972784,38
217;95633;20;17931861,43
218;97002;20;18537268,99
219;98539;20;19049028,92
220;93663;20;18279916,31
221;101329;20;19964398,95
222;94062;20;18121051,12
223;92889;20;17391664,13
224;98020;20;18597881,68
225;92009;20;16941094,28
226;101752;20;20787062,69
227;95514;20;17784130,69
228;99334;20;19088181,75
229;95424;20;18294682,15
230;90568;20;16280221,14
231;99709;20;19711501,78
232;96684;20;18516702,37
233;93635;20;18409336,01
234;99665;20;18512600,91
235;93194;20;16846691,11
236;94398;20;17191333,45
237;96703;20;18524223,81
238;94460;20;17647228,08
239;97475;20;18537308,42
240;96962;20;19828112,65
241;95238;20;18460912,98
242;101135;20;19754569,87
243;96036;20;18617422,21
244;97435;20;18628009,65
245;97070;20;18573297,97
246;92998;20;18244854,27
247;97833;20;19553009,94
248;95537;20;19020508,52
249;100031;20;19949102,89
250;101002;20;20327507,59
251;95179;20;17757837,18
252;95622;20;17535996,94
253;97455;20;18228202,91
254;94611;20;18186973,6
255;93597;20;17314932,27
256;91706;20;17475356,76
257;100811;20;19853398,19
258;92883;20;17466917,17
259;93322;20;17996739,14
260;97153;20;19231550,04
261;94994;20;18214914,62
262;96588;20;18119662,55
263;95253;20;17950690,77
264;98264;20;18871411,65
265;97823;20;19395826,27
266;88152;20;15796467,05
267;99259;20;19477597,21
268;98607;20;19094536,71
269;95147;20;18666550,1
270;92369;20;16929968,01
271;96277;20;17833533,39
272;92803;20;17253391,2
273;92923;20;18156098,57
274;94487;20;18345566,11
275;98162;20;18937448,75
276;92714;20;17399059,78
277;95424;20;17762152,08
278;95732;20;18906650,43
279;97297;20;19484967,77
280;92259;20;16716174,83
281;95234;20;18150980,89
282;94712;20;17372375,87
283;95901;20;18800731,63
284;94727;20;18359165,43
285;101291;20;20479249,54
286;95875;20;18214259,95
287;98025;20;19996607,65
288;98793;20;19911763,69
289;91191;20;17344816,5
290;96280;20;18254604,61
291;96230;20;19003710,73
292;94838;20;18436750,3
293;93754;20;17828543,29
294;96763;20;18685192,8
295;93771;20;18156368,36
296;97076;20;19718798,05
297;93432;20;17835009,39
298;96465;20;18275565,8
299;96838;20;17904057,72
300;96295;20;18781722,74
301;95419;20;19226386,09
302;96463;20;19211070,79
303;92764;20;17999446,67
304;94877;20;17950394,5
305;97856;20;19247910,05
306;97224;20;19532550,29
307;101591;20;20484574,68
308;91249;20;16733858,38
309;95960;20;18604147,64
310;95541;20;18652326,05
311;97484;20;19140552,35
312;95319;20;17889829,28
313;97944;20;19235679,79
314;95348;20;18262109,85
315;96380;20;18359062,68
316;93706;20;17903094,39
317;94923;20;17519247,84
318;95701;20;19058885,94
319;95147;20;17824272,12
320;94354;20;18109814,74
321;96823;20;18618481,65
322;99157;20;19822653,47
323;93489;20;17709447,36
324;91881;20;17774984,2
325;91609;20;17250752,69
326;96080;20;18751064,21
327;96379;20;18927103,08
328;95583;20;19354636,38
329;97062;20;19087151,28
330;94435;20;18227547,29
331;97948;20;19092673,99
332;93909;20;18142998,19
333;97049;20;18584507,17
334;95695;20;17781998,73
335;96405;20;19176519,55
336;97957;20;20155138,91
337;93434;20;17961852,08
338;95692;20;18647282,42
339;98980;20;19994282,11
340;95330;20;17948298,41
341;99610;20;19540119,09
342;93963;20;17988191,21
343;98925;20;19542700,31
344;88999;20;16150668,27
345;92882;20;18063085,17
346;93094;20;17967703,68
347;93391;20;17061764,73
348;96811;20;17908648,34
349;93754;20;17967092,04
350;94464;20;17991173,87
351;94252;20;17434049,2
352;96524;20;18616991,19
353;98094;20;18877078,14
354;99045;20;19393413,76
355;99057;20;19756526,99
356;95391;20;18819774,49
357;98107;20;19308296,72
358;98071;20;19056408,28
359;93861;20;18145292,8
360;96396;20;19400118,94
361;95648;20;18509820,23
362;97601;20;19094310,68
363;94432;20;20120201,6
364;94375;20;18820007,62
365;97050;20;19288559,58
366;100175;20;20055533,0
367;93391;20;17113331,92
368;96226;20;18415860,25
369;101768;20;19783342,13
370;94116;20;17723203,94
371;92779;20;17882432,26
372;96729;20;18638533,37
373;99523;20;19581786,38
374;95977;20;18469248,4
375;99495;20;19822560,92
376;94347;20;17803846,58
377;95898;20;18376188,7
378;98234;20;18917502,94
379;97073;20;20021643,42
380;92723;20;18099512,87
381;93901;20;17672797,18
382;101191;20;20345176,77
383;97714;20;18770036,97
384;91862;20;16974097,42
385;97974;20;18945101,89
386;93193;20;17551651,55
387;95949;20;17976023,64
388;94609;20;18224412,07
389;95679;20;18964005,35
390;96670;20;18582541,9
391;95168;20;18603115,56
392;94410;20;17416670,37
393;98731;20;19257703,09
394;96088;20;18483055,88
395;96750;20;19456257,08
396;95347;20;18016753,47
397;94365;20;18292486,96
398;93773;20;17887499,93
399;96530;20;17715558,67
400;93651;20;17368964,54
401;98642;20;19804873,2
402;97228;20;19245026,39
403;97156;20;18312000,7
404;98530;20;18274905,55
405;91580;20;16936657,21
406;95171;20;18091634,96
407;92209;20;17009851,51
408;95319;20;18267088,72
409;94682;20;18249686,76
410;99827;20;19239356,38
411;96681;20;19134398,36
412;99840;20;19793801,2
413;98666;20;19419778,89
414;94961;20;18145960,57
415;97389;20;20203049,2
416;94005;20;18026436,34
417;99645;20;19954926,03
418;96811;20;18868288,34
419;94061;20;18303022,6
420;93420;20;17043361,79
421;96825;20;18416486,28
422;97483;20;18457241,7
423;96235;20;19273735,11
424;97440;20;19024083,62
425;92660;20;17938140,46
426;94692;20;18362692,06
427;95879;20;18497854,65
428;100023;20;19547023,5
429;96642;20;18764962,6
430;96417;20;18186580,17
431;97149;20;19191662,99
432;91654;20;16978728,76
433;90528;20;17058403,26
434;94001;20;18475073,81
435;92467;20;17239573,37
436;94014;20;18303351,12
437;96713;20;18432022,49
438;92905;20;17021516,52
439;96181;20;18535335,67
440;90327;20;17597930,61
441;98614;20;18809031,84
442;94330;20;17827002,22
443;96964;20;19303198,49
444;91398;20;16878101,8
445;93238;20;17584182,56
446;98599;20;19122833,57
447;96579;20;18306575,13
448;94396;20;17561193,5
449;98350;20;18892287,79
450;97047;20;19996025,42
451;93611;20;17116906,32
452;98044;20;18746808,57
453;91993;20;16937665,9
454;97376;20;18715914,54
455;93804;20;17780322,09
456;94726;20;18515596,47
457;98095;20;19705368,32
458;94357;20;18194882,21
459;93110;20;18069710,63
460;98025;20;19659013,94
461;94923;20;17655261,41
462;97736;20;20259238,38
463;96604;20;18861136,25
464;99430;20;19662096,48
465;95756;20;18211964,25
466;93997;20;17799818,65
467;95775;20;18015889,9
468;95233;20;18811270,04
469;100268;20;20094062,47
470;95541;20;17768878,1
471;94422;20;18301241,43
472;94583;20;17923252,33
473;97664;20;18893855,22
474;94896;20;18134188,64
475;96749;20;18534009,18
476;92546;20;17578339,23
477;96214;20;18799164,46
478;100676;20;20057907,7
479;95727;20;18079215,42
480;98435;20;19556343,46
481;93604;20;17554284,7
482;94026;20;18131526,37
483;94384;20;17791195,23
484;94220;20;17963637,63
485;94985;20;17799846,6
486;95513;20;17627446,61
487;99425;20;19691829,01
488;98475;20;19356478,35
489;97798;20;17904133,31
490;96536;20;19250951,86
491;96073;20;19216022,14
492;96746;20;18809114,47
493;91550;20;16622693,95
494;96877;20;19931883,58
495;94341;20;18802276,77
496;94831;20;17986153,02
497;96451;20;17320114,19
498;101069;20;20521539,41
499;93746;20;16987266,28
500;98629;20;18858689,28
501;95925;20;18007815,39
502;94985;20;17927580,21
503;94049;20;17061159,62
504;99829;20;20032016,58
505;97394;20;19267344,58
506;101229;20;20050469,84
507;96516;20;17973820,68
508;97440;20;18873861,42
509;100081;20;20398512,64
510;91993;20;16966499,32
511;101684;20;20697727,37
512;101209;20;19407937,51
513;93545;20;18547535,94
514;95171;20;18651359,69
515;95916;20;18191357,21
516;99101;20;18547240,97
517;95399;20;17391230,15
518;94027;20;17699952,94
519;95372;20;18101637,74
520;95534;20;19319111,06
521;93797;20;18245512,03
522;96602;20;18404485,09
523;98763;20;20242476,31
524;99594;20;18330101,5
525;94536;20;17260215,1
526;97604;20;18827284,11
527;90245;20;16712269,4
528;96214;20;17914078,31
529;92866;20;17710037,05
530;98776;20;19566848,5
531;99342;20;19108287,87
532;96520;20;19414993,31
533;95243;20;18463340,57
534;98495;20;19824258,54
535;96457;20;19360495,78
536;96324;20;17888317,44
537;98319;20;19371124,51
538;95683;20;17957370,91
539;92508;20;16918950,92
540;95232;20;18118827,9
541;96981;20;18737529,44
542;96366;20;19302087,59
543;97225;20;18247289,12
544;96110;20;18193258,99
545;95751;20;18082287,46
546;94726;20;17496766,53
547;97570;20;18232674,07
548;93776;20;18312196,0
549;97747;20;18978646,73
550;96612;20;18568269,86
551;95513;20;19035881,84
552;93917;20;18042682,36
553;95262;20;17766410,51
554;94514;20;17828946,16
555;92452;20;17670174,38
556;98047;20;19956831,1
557;93211;20;17587028,4
558;94512;20;17892044,44
559;93773;20;18000607,97
560;92676;20;17037332,31
561;94542;20;17704528,91
562;95298;20;18265409,1
563;95280;20;17969372,68
564;95797;20;19554965,29
565;94854;20;18527011,38
566;95394;20;19076997,05
567;93367;20;16637828,35
568;98416;20;20054116,27
569;96658;20;18735017,35
570;95682;20;17989953,16
571;101267;20;20376940,62
572;94870;20;17835482,6
573;97579;20;19155640,94
574;95331;20;18192677,28
575;91146;20;17621004,07
576;101074;20;19402039,04
577;95060;20;17710429,58
578;100001;20;19588984,31
579;95807;20;18259256,88
580;94509;20;17933376,5
581;96221;20;18735621,62
582;95157;20;17783543,76
583;96922;20;18199764,81
584;95477;20;18317230,75
585;98851;20;19617789,2
586;97371;20;19853859,74
587;96017;20;18380669,79
588;95843;20;18284995,44
589;94467;20;17713574,48
590;96711;20;17796836,64
591;97486;20;18261450,56
592;101656;20;19895549,29
593;91126;20;16781144,81
594;102496;20;21035370,79
595;97413;20;18561764,55
596;96687;20;19157141,3
597;93523;20;17951336,7
598;95293;20;18399260,99
599;91803;20;18299802,41
600;95575;20;17494242,26
601;95699;20;17980188,0
602;92677;20;17015983,05
603;94675;20;17490101,09
604;91434;20;17434510,25
605;97600;20;19373959,63
606;94316;20;18234329,81
607;93693;20;17446742,78
608;97878;20;18626959,52
609;95421;20;18653913,7
610;91505;20;16604593,27
611;97139;20;18627616,52
612;96665;20;18502466,68
613;94036;20;18416586,24
614;95507;20;18436184,94
615;95544;20;17750611,84
616;96662;20;19246569,76
617;93868;20;18129666,74
618;96694;20;18570032,99
619;97389;20;18800915,68
620;98730;20;19538210,81
621;94758;20;18094665,48
622;96200;20;19271603,96
623;95631;20;17786763,35
624;96481;20;18262900,27
625;94632;20;18011479,94
626;97235;20;18648468,43
627;99549;20;19620262,09
628;94559;20;17580709,62
629;94271;20;17644273,72
630;98803;20;18642161,07
631;94230;20;18198347,88
632;93067;20;17380568,38
633;91187;20;17398924,06
634;94955;20;18170294,74
635;94245;20;18243623,42
636;98185;20;19093887,93
637;91372;20;16817963,61
638;96314;20;18841607,8
639;95487;20;18488373,22
640;93586;20;18150481,98
641;95487;20;18332794,88
642;94852;20;18317238,3
643;95988;20;18608797,01
644;93691;20;17898928,92
645;99091;20;19095069,25
646;97412;20;18723409,89
647;93978;20;17013559,13
648;97685;20;18640950,47
649;99475;20;19714381,3
650;95362;20;17733173,17
651;93484;20;18970965,57
652;94026;20;18550209,87
653;93525;20;17200707,34
654;91733;20;16807969,92
655;94629;20;17784957,07
656;95096;20;17891399,93
657;99155;20;19775129,78
658;94870;20;19648337,69
659;98769;20;20785862,98
660;96285;20;18740883,29
661;93695;20;18035406,58
662;96284;20;18757532,34
663;96759;20;19105115,8
664;95503;20;17708952,3
665;93511;20;17264587,0
666;96067;20;18762050,01
667;94694;20;18594188,81
668;99703;20;19577544,09
669;94117;20;17789951,03
670;92911;20;17446163,21
671;99803;20;19200274,1
672;98636;20;19115694,19
673;95932;20;17883258,82
674;95705;20;18183689,93
675;94802;20;18010292,06
676;98071;20;19292294,16
677;97971;20;20077231,47
678;93049;20;17981165,26
679;97615;20;19861209,63
680;95436;20;18751545,08
681;94628;20;18444836,11
682;93639;20;18231024,49
683;98054;20;19611100,83
684;96229;20;18705097,63
685;95026;20;17170315,69
686;94450;20;18573446,88
687;97597;20;19895599,69
688;96462;20;18745997,45
689;97681;20;19660710,99
690;96370;20;18100811,68
691;96615;20;18375553,92
692;95117;20;18005499,63
693;98308;20;19246828,08
694;95932;20;18875457,4
695;96184;20;17906037,49
696;93593;20;17549062,01
697;97911;20;18077697,34
698;96239;20;18999101,12
699;95743;20;18472183,08
700;92433;20;17137633,36
701;96327;20;18430525,97
702;95123;20;17516951,31
703;100107;20;20302247,39
704;99550;20;20366676,73
705;98152;20;18623830,64
706;95769;20;19700019,14
707;96598;20;18645560,67
708;97960;20;19669109,73
709;96475;20;18196438,01
710;91228;20;16874001,62
711;98107;20;19207407,23
712;96455;20;18238220,35
713;89504;20;16693405,85
714;97438;20;18634022,6
715;94137;20;18212020,47
716;97552;20;19093534,31
717;95501;20;18470449,27
718;96481;20;18930445,19
719;99569;20;18967758,49
720;98058;20;18891590,01
721;98980;20;19317981,69
722;96821;20;18263910,19
723;94020;20;17324597,0
724;95769;20;18290400,61
725;96363;20;18204242,79
726;92753;20;17968951,23
727;98658;20;19576185,16
728;96117;20;18646591,14
729;96934;20;18015361,36
730;96544;20;19048490,6
731;94278;20;17702653,89
732;94020;20;17456836,19
733;97011;20;18363831,2
734;98869;20;19337781,27
735;94737;20;18784826,04
736;96795;20;18715792,07
737;90669;20;16402398,44
738;98190;20;19664622,92
739;97100;20;18228341,56
740;96209;20;18103769,32
741;94820;20;18333977,69
742;92161;20;16896903,0
743;93378;20;18137553,19
744;100840;20;19741179,05
745;95711;20;18315305,19
746;97752;20;18564723,5
747;95733;20;18176068,16
748;98766;20;20012789,62
749;98315;20;19061264,53
750;90361;20;16758808,38
751;92280;20;17959002,16
752;92866;20;17572838,47
753;96526;20;18104960,0
754;92053;20;17865116,04
755;99904;20;20146138,12
756;92270;20;17420018,42
757;94255;20;17987502,83
758;96673;20;18447341,41
759;96934;20;18713671,98
760;97303;20;18566859,29
761;94151;20;18250031,28
762;95086;20;17507634,71
763;95269;20;18479881,63
764;91929;20;17816194,24
765;91669;20;16398515,22
766;95421;20;18316903,93
767;100483;20;19693959,61
768;96374;20;18453513,5
769;94744;20;17710250,78
770;93673;20;16922090,7
771;95465;20;17680613,15
772;94557;20;17542998,98
773;95064;20;18420092,34
774;97413;20;19184779,88
775;97472;20;19324733,51
776;99860;20;19941829,47
777;97692;20;19286714,63
778;92963;20;17301650,61
779;97252;20;19711612,34
780;95894;20;17838325,43
781;98223;20;19418954,56
782;95125;20;18635667,97
783;95848;20;18182586,47
784;94891;20;18495051,68
785;93826;20;17962058,24
786;98765;20;19464905,45
787;96248;20;18211459,06
788;95624;20;18173307,81
789;91684;20;17289827,3
790;95043;20;18559336,01
791;98066;20;18674840,46
792;92460;20;17990991,12
793;94820;20;18038586,39
794;92374;20;17315966,51
795;97766;20;18552628,06
796;101266;20;20219093,36
797;96227;20;18151841,74
798;94412;20;17838540,85
799;95749;20;19244124,52
800;93431;20;17179777,88
801;95209;20;18423829,72
802;96636;20;19299723,75
803;92244;20;17267501,7
804;97029;20;19088412,71
805;97874;20;19114611,03
806;91774;20;17432617,93
807;96220;20;18783020,36
808;97988;20;19683905,61
809;94935;20;18868529,87
810;97287;20;18882920,25
811;99344;20;19420464,01
812;98352;20;18457678,39
813;93709;20;17803032,6
814;97418;20;19080449,34
815;94087;20;17877069,28
816;98256;20;18657051,59
817;97106;20;18840735,22
818;97853;20;19619844,5
819;93510;20;17742989,27
820;95674;20;18451696,63
821;96111;20;17916796,23
822;98362;20;18984799,32
823;94211;20;17433236,81
824;92918;20;17956714,35
825;96911;20;18459971,8
826;91744;20;17190809,28
827;94630;20;18015713,74
828;95912;20;18959685,16
829;94558;20;17628972,57
830;96358;20;18891824,12
831;91549;20;17803020,79
832;92506;20;17433761,89
833;97658;20;19355008,26
834;95636;20;17908965,83
835;95105;20;17560279,87
836;95556;20;19296671,05
837;95008;20;18548340,8
838;93378;20;17549348,34
839;93422;20;17269707,22
840;93694;20;19065736,16
841;93303;20;16929172,43
842;101020;20;20811333,07
843;95131;20;17875400,04
844;91702;20;16685096,01
845;96944;20;20178312,22
846;98456;20;18589756,72
847;95949;20;19321251,29
848;98221;20;19587503,64
849;97754;20;19170412,66
850;99286;20;19483629,66
851;97343;20;19699467,52
852;98888;20;19949939,79
853;96813;20;18298247,01
854;96047;20;18707160,91
855;94117;20;18586465,34
856;90564;20;16612262,57
857;94919;20;17743084,34
858;97892;20;19354035,36
859;94186;20;18396445,51
860;98256;20;19668774,9
861;94560;20;18440211,12
862;97920;20;19230620,9
863;91640;20;17143426,06
864;99479;20;19005467,18
865;99177;20;18972859,08
866;98694;20;19569180,56
867;104024;20;20482070,41
868;95489;20;19105230,11
869;93541;20;17111318,93
870;97078;20;19179044,79
871;100356;20;19095954,08
872;98072;20;18526845,57
873;95868;20;17919594,87
874;93773;20;17687789,47
875;94600;20;18521744,06
876;98623;20;18273220,28
877;93924;20;18470834,11
878;97626;20;18820119,15
879;98654;20;18535015,64
880;98708;20;19121057,93
881;96860;20;18618232,54
882;100732;20;19328403,18
883;99618;20;19267657,25
884;97283;20;19749153,94
885;100754;20;19503247,33
886;95400;20;18174251,84
887;92343;20;17303720,84
888;96225;20;18956601,39
889;99048;20;20005555,69
890;99263;20;19179711,65
891;90479;20;17180283,24
892;102617;20;20189984,27
893;93557;20;17604286,35
894;96005;20;18840559,42
895;92891;20;18289527,71
896;94900;20;18967882,15
897;98047;20;19691621,86
898;92017;20;17616098,56
899;95800;20;18263116,29
900;101459;20;20879955,67
901;94393;20;17245274,16
902;96676;20;18472052,55
903;94565;20;18319727,86
904;94272;20;17349203,05
905;94810;20;18213791,67
906;99824;20;20939948,04
907;91120;20;17244821,72
908;95544;20;18087756,92
909;92347;20;17534738,53
910;95474;20;17467228,39
911;96951;20;18258924,31
912;97328;20;19548989,53
913;97865;20;19459205,33
914;96483;20;18809391,6
915;97217;20;18600907,95
916;93314;20;17270004,87
917;94823;20;18055991,16
918;97551;20;17793101,42
919;98143;20;19353564,37
920;96338;20;19481310,36
921;95551;20;19206727,51
922;100234;20;19823247,93
923;95747;20;18654114,43
924;94465;20;17719368,85
925;97039;20;19256920,44
926;94428;20;18615045,37
927;94395;20;17575630,14
928;97795;20;19046925,03
929;95902;20;18143725,71
930;98141;20;19246135,8
931;100572;20;20284793,09
932;96382;20;19009984,68
933;95998;20;18561459,48
934;93810;20;18793296,98
935;94136;20;17532658,1
936;96074;20;18211248,05
937;95749;20;18178035,05
938;93387;20;17660702,71
939;98350;20;19797804,66
940;96100;20;19671149,29
941;96286;20;18521319,79
942;97897;20;19461708,73
943;94956;20;18160289,74
944;98048;20;18293767,12
945;96610;20;18887041,31
946;96774;20;19632738,1
947;96587;20;18308979,95
948;91872;20;17071553,06
949;95181;20;17908416,4
950;92698;20;17725706,0
951;96074;20;18141555,88
952;96224;20;18622311,18
953;96670;20;19490279,76
954;97006;20;18591641,96
955;96006;20;17341277,57
956;95947;20;18057820,0
957;96588;20;18920562,2
958;95239;20;17887786,68
959;93980;20;17395408,86
960;94271;20;18052103,67
961;93550;20;18511524,31
962;97015;20;19409865,88
963;93179;20;17185199,69
964;93830;20;17263693,3
965;95687;20;18283165,83
966;99608;20;19960938,43
967;97031;20;17816751,04
968;99131;20;18800363,56
969;96587;20;18306016,0
970;98518;20;18804420,74
971;96709;20;19217123,39
972;99215;20;20504802,49
973;96256;20;18489245,7
974;95728;20;18150839,82
975;97030;20;18785044,93
976;96572;20;18464489,13
977;94017;20;18334604,33
978;98531;20;19710681,79
979;95639;20;18920768,67
980;95870;20;18682238,84
981;95270;20;18067583,21
982;97538;20;17990834,72
983;95471;20;18238581,2
984;93685;20;16739517,2
985;96025;20;18414081,98
986;95644;20;18228781,13
987;98591;20;19405302,28
988;95283;20;18272797,01
989;93373;20;17808455,54
990;95758;20;18709543,99
991;95845;20;18844918,21
992;95061;20;18857395,82
993;95472;20;18572045,81
994;97526;20;19417310,58
995;97405;20;19020272,49
996;96933;20;18484657,36
997;91512;20;17284222,11
998;98519;20;18884198,4
999;94378;20;18109326,56
1000;94914;20;18425537,05
