concessionario;nome_commerciale;payout_medio;payout_mediana;payout_p90;payout_p95;payout_p99;payout_massimo_osservato;ticket_vincenti_medio;ticket_vincenti_massimo;ticket_esclusi_compatibilita
DOMUSBET;WWW.DOMUSBET.IT;15844820,3987;15810253,715;16950727,078;17256549,1775;17914089,197800003;18485294,79;82127,987;88689;20
STARCASINO;WWW.BETSSON.IT;384346,16329;353860,27;533112,861;634648,0634999998;697015,642;760424,6900000001;1765,781;2152;0
STANLEYBET;WWW.STANLEYBET.IT;276672,98767;220816,02000000002;512620,43200000003;632001,038;792731,6039;924141,49;727,14;1139;0
WILLIAMHILL;WWW.WILLIAMHILL.IT;405239,78969;395636,225;500916,153;534654,4495;605567,8171999999;740627,66;1899,53;2319;0
SPORTBET;SPORTBET.IT;283032,17233;275452,885;353069,874;376168,214;447233,94269999996;624521,92;1420,811;1847;0
BBET;WWW.BBET.EU;114682,6298;107941,715;161738,82;202053,87199999997;250194,35109999997;338116,29;309,7;472;0
MARATHON;WWW.MARATHONBET_PVR.IT;111170,90265999999;107048,01999999999;144043,318;160932,89250000002;202283,81019999998;233120,12;374,565;507;0
MARATHON;WWW.MARATHONBET_TIPSTER.IT;90273,94197;89186,39499999999;107322,22;113618,95499999999;123317,9035;150716,94;904,1;1196;0
BBET;WWW.TOPBET24.IT;47315,785670000005;44431,85;63210,922000000006;76529,67099999994;107558,1739;123750,40000000001;105,39;160;0
BBET;WWW.BGAME.IT;45403,988880000004;44296,575;60691,023;66739,828;77522,33669999999;98158,69;194,154;267;0
MARATHON;MARATHONBET.IT;52627,429560000004;50247,59;60420,753;64957,7055;106466,68959999998;360997,11;348,897;427;0
STARCASINO;WWW.STARCASINO.IT;46607,36965;45040,735;57372,051;63280,233499999995;85586,0791;107695,56;320,099;395;0
ADMIRAL;FAENZA MENGOLINA;5977,84972;2103,51;5412,695000000001;50790,83;54076,7465;104214,42;6,019;19;0
360BET;360BET.IT;24833,98714;21852,78;41043,548;47006,05549999999;58168,61709999999;75427,88;305,249;366;0
BBET;WWW.ALLINBET.EU;28046,698949999998;26887,589999999997;40890,456;46124,681;57869,0394;82692,08;90,835;146;0
ADMIRAL;MONTEMURLO LABRIOLA;22012,506;20752,5;35377,0;38354,2;47197,0;55963,0;11,622;29;0
TOTOSI;WWW.TOTOSI.IT;21150,08327;19936,815000000002;30298,774;34082,159;45173,551199999994;80591,36;170,586;235;0
BBET;WWW.SOCIALGAME24.IT;17441,71209;14355,155;30089,756;32443,4695;35539,5619;39531,05;22,433;43;0
BBET;WWW.SPORTBULL.IT;13643,99481;10864,78;25741,697000000004;32064,954499999993;41351,45289999999;60324,59;53,302;82;0
ADMIRAL;WWW.ADMIRALBET.IT;11292,06356;7708,16;24704,621000000003;30961,11499999999;46760,029599999994;98390,92;60,1;105;0
BBET;WWW.DNGAMES.IT;8771,51933;6534,82;18548,980000000007;25410,963999999996;35509,1261;54428,8;21,909;48;0
ADMIRAL;PARMA LEPIDO;5186,4043599999995;473,86;21294,1;21301,59999999999;21444,1;21624,1;2,515;10;0
ADMIRAL;SAN GIOVANNI TEATINO SALARA;7444,471600000001;5184,9;19004,9;21252,899999999994;23545,4;27904,9;13,272;29;0
ADMIRAL;BOLOGNA CARRACCI;7848,4283;6893,0;11930,6;12930,0;13930,25;18080,0;6,819;12;0
ADMIRAL;MISANO ADRIATICO ADRIATICA;5957,5967200000005;3385,54;11690,339;12404,79;13024,79;14774,79;12,586;29;0
ADMIRAL;ROMA CASILINA;3748,06858;3209,95;4239,95;12024,95;12024,95;22080,53;7,194;12;0
ADMIRAL;ANCONA MONTEBELLO;2565,335;1600,0;6950,0;9759,74999999999;12650,0;20800,0;2,511;13;0
BBET;WWW.SKILLJOY.EU;3210,8723;365,89;7884,38;8858,857999999997;11328,402899999995;15461,61;2,547;9;0
ADMIRAL;L''AQUILA SARAGAT;4529,196;5663,25;5663,25;5663,25;5663,25;5663,25;4,761;6;0
BBET;WWW.MINNIEBET.EU;2357,61508;1403,115;4891,906;5418,32;8222,017699999999;10454,210000000001;9,832;19;0
ADMIRAL;FUCECCHIO DANTE;2778,7375;3000,0;4955,000000000001;5274,124999999994;7350,0;10287,5;2,138;6;0
ADMIRAL;WWW.STARVEGAS.IT;1607,4085;1111,26;2882,5919999999996;4153,2685;8312,3794;10563,710000000001;7,991;17;0
ADMIRAL;MARIGLIANO SAN FRANCESCO;2754,8405;2672,0;3948,9;3948,9;3948,9;3948,9;2,848;4;0
ADMIRAL;ROMA GAI;2953,3756000000003;2790,19;3874,9700000000003;3920,19;4195,1900000000005;4195,1900000000005;5,23;10;0
ADMIRAL;TRENTO MACCANI;1031,98572;708,8;2505,25;3000,015;4215,514899999999;5707,17;1,656;9;0
ADMIRAL;LAVAGNA BATTISTI;1709,4524000000001;1665,2;2325,2;2782,4;2782,4;3982,4;8,79;11;0
BBET;WWW.UNIONSBET.IT;2256,78085;2463,55;2463,55;2463,55;2463,55;2463,55;3,643;4;0
ADMIRAL;GROSSETO AQUILEIA;230,29579;48,19;1500,0;1548,19;2000,4818999999995;3500,0;0,813;3;0
ADMIRAL;ROMA MASSAIA;219,0;0,0;1500,0;1500,0;1500,0;1500,0;0,146;1;0
ADMIRAL;ANCONA FLAMINIA;415,01447;202,42000000000002;946,9360000000004;1387,1364999999992;1645,0955999999999;2263,63;1,916;13;0
ADMIRAL;RIMINI ITALIA;579,8188299999999;307,25;1124,05;1377,25;1803,72;2332,5699999999997;3,347;8;0
BBET;www.mbet.it;285,83009;93,58;719,362;1296,1444999999999;1449,4805000000001;2406,98;1,618;6;0
SPORTBET;WWW.VSTART.IT;663,3461;614,3399999999999;1100,6600000000003;1227,3349999999996;1437,05;2882,96;5,446;11;0
ADMIRAL;VERONA ALBERE;335,20001999999994;168,69;959,7350000000014;1114,22;1166,59;1166,59;2,053;6;0
ADMIRAL;POGGIBONSI TRENTO;282,55434;156,25;496,25;1104,7474999999997;1481,6032999999998;31431,74;2,771;8;0
ADMIRAL;CAMPI BISENZIO BARBERINESE;277,0;0,0;1000,0;1000,0;8000,0;9000,0;0,185;5;0
ADMIRAL;PESCARA PEPE;169,205;0,0;1000,0;1000,0;1065,0;1520,0;0,472;5;0
ADMIRAL;CHIARAVALLE MATTEOTTI;540,0155;509,0;524,0;900,0;1115,0;2171,5;1,826;6;0
ADMIRAL;CAIANELLO CERASELLE;59,171;0,0;29,0;660,0;674,01;689,0;0,387;3;0
SPORTBET;WWW.BETX.IT;152,8425;15,0;425,0;612,5;612,6499999999999;727,5;0,661;4;0
ADMIRAL;BRA VERDI;218,98445;219,36;450,01;533,01;670,01;750,01;2,826;7;0
ADMIRAL;CASALE CORTE CERRO NOVARA;94,1075;0,0;250,0;430,0;750,0;1000,0;0,609;4;0
ADMIRAL;BRESCIA TRENTO;304,15;350,0;350,0;350,0;350,0;350,0;1,738;2;0
ADMIRAL;SAVONA SERVETTAZ;30,99;0,0;0,0;330,0;360,0;2200,0;0,074;2;0
ADMIRAL;FIDENZA PERTINI;70,48709;0,0;211,44;298,94;399,2861999999986;2298,85;1,074;5;0
ADMIRAL;PERO CURIEL;136,6273;190,0;236,8;290,55;688,9;789,4499999999999;0,814;4;0
ADMIRAL;PORTO VIRO ROSSINI;18,42;0,0;0,0;255,0;255,0;315,0;0,1;2;0
ADMIRAL;BOVOLONE MADONNA;43,5305;16,0;200,0;222,5;238,5;730,0;0,688;4;0
ADMIRAL;CASTELLETTO SOPRA TICINO SEMPIONE;32,47208;0,0;100,0;205,87399999999548;750,0;850,0;0,126;2;0
ADMIRAL;RIGNANO FLAMINIO FLAMINIA;29,2;0,0;200,0;200,0;200,0;200,0;0,146;1;0
ADMIRAL;GALATONE NIZZA;11,8;0,0;0,0;200,0;200,0;200,0;0,059;1;0
ADMIRAL;CAZZAGO SAN MARTINO PERTINI;73,3271;0,0;150,0;185,0;200,0;2265,42;0,511;3;0
ADMIRAL;VALMONTONE GENAZZANO;83,03338000000001;134,62;134,62;164,58;299,20000000000005;299,20000000000005;0,603;2;0
ADMIRAL;SPINETOLI DE GASPERI;58,3845;0,0;25,0;127,53449999995223;1125,69;1175,69;0,119;2;0
ADMIRAL;SARNO ACQUAROSSA;21,6;0,0;120,0;120,0;120,0;120,0;0,18;1;0
BBET;WWW.GAM-X.EU;29,22067;20,229999999999997;69,63;89,86;123,36979999999998;197,21;2,201;6;0
BBET;www.Q365.it;10,66633;0,0;39,52;88,46;100,38;642,91;0,108;2;0
ADMIRAL;ROVIGO EINAUDI;44,987840000000006;65,54;82,19;82,19;365,54;382,19;0,722;3;0
ADMIRAL;COGORNO IV NOVEMBRE;25,116;20,0;46,0;70,0;70,0;198,0;1,142;4;0
ADMIRAL;FERRARA MODENA;40,1925;0,0;67,5;67,5;1500,0;1567,5;0,362;2;0
ADMIRAL;ROVERETO TRENTO;34,95522999999999;33,53;56,382;65,64249999999998;80,984;92,43;6,527;15;0
ADMIRAL;PIACENZA I MAGGIO;11,2905;0,0;58,5;58,5;58,5;58,5;0,193;1;0
ADMIRAL;MONSUMMANO TERME ABRUZZO;39,02264;16,2;30,2;56,7;1004,2;2893,66;1,784;5;0
ADMIRAL;ROMA CAPITOLINO;6,4935;0,0;55,5;55,5;55,5;55,5;0,117;1;0
ADMIRAL;VILLA LITERNO DEI MILLE;2,739;0,0;0,0;33,0;33,0;33,0;0,083;1;0
ADMIRAL;VITERBO FALCONE E BORSELLINO;10,02;0,0;25,0;25,0;40,0;40,0;0,422;2;0
ADMIRAL;MONTESARCHIO SAN GIOVANNI;5,572;0,0;12,0;22,89999999999918;52,0;62,0;0,372;3;0
ADMIRAL;MANZIANA BRACCIANESE CLAUDIA;4,92;0,0;15,0;15,0;15,124999999999886;27,5;0,335;2;0
ADMIRAL;TERNI CHIESA;1,575;2,5;2,5;2,5;2,5;2,5;0,63;1;0
ADMIRAL;ASTI PETRARCA;34,54332;0,0;0,0;0,0;0,0;17271,66;0,002;1;0
ADMIRAL;SAN GIOVANNI TEATINO AMENDOLA;15,58122;0,0;0,0;0,0;0,0;1967,4;0,008;1;0
ADMIRAL;FOLLONICA CASSARELLO;10,9;0,0;0,0;0,0;400,0;400,0;0,028;1;0
ADMIRAL;MILANO POZZI;10,89;0,0;0,0;0,0;990,0;990,0;0,011;1;0
ADMIRAL;TORINO ALA DI STURA;10,225;0,0;0,0;0,0;200,0;1125,0;0,028;1;0
ADMIRAL;SALERNO POSIDONIA;6,857819999999999;0,0;0,0;0,0;221,22;221,22;0,031;1;0
ADMIRAL;CREVOLADOSSOLA SEMPIONE;3,5605100000000003;0,0;0,0;0,0;96,23;96,23;0,037;1;0
ADMIRAL;VICENZA CRISPI;2,25;0,0;0,0;0,0;0,0;1125,0;0,002;1;0
ADMIRAL;GATTINARA MARCONI;1,0;0,0;0,0;0,0;0,0;1000,0;0,001;1;0
ADMIRAL;PESCANTINA BRENNERO;0,72;0,0;0,0;0,0;40,0;40,0;0,018;1;0
ADMIRAL;ROMA CAPRANESI;0,068;0,0;0,0;0,0;4,0;4,0;0,017;1;0
ADMIRAL;ANCONA MUSONE;0,0;0,0;0,0;0,0;0,0;0,0;0,0;0;0
ADMIRAL;STRIANO SARNO;0,0;0,0;0,0;0,0;0,0;0,0;0,0;0;0
