concessionario;payout_medio;payout_mediana;payout_p90;payout_p95;payout_p99;payout_massimo_osservato;ticket_vincenti_medio;ticket_vincenti_massimo;ticket_esclusi_compatibilita
DOMUSBET;19244201,31261;19222669,52;20481339,765;20875053,798499998;21471849,3979;22384668,43;102974,565;111393;20
STANLEYBET;276957,19139;233099,47;493224,45100000006;619315,4834999997;770583,7595999999;932321,61;488,349;656;0
STARCASINO;319840,43652999995;293161,44;464320,221;560896,4275;620156,7350999999;701287,14;1312,653;1599;0
WILLIAMHILL;321433,85322000005;308804,87;410558,591;442468,863;504928,85599999997;754269,02;1365,041;1746;0
SPORTBET;171001,03072;161250,115;254975,244;278852,18999999994;344746,5818;426700,92;579,052;850;0
BBET;180345,22886;172385,05;247207,98900000003;271723,59449999995;363688,10669999995;415071,8;449,71;636;0
MARATHON;153901,42583000002;149265,325;195542,42299999998;212821,7279999999;255416,77919999993;369035,95999999996;801,866;999;0
ADMIRAL;96206,59863;91463,5;135033,251;150602,31449999998;188951,90869999997;251586,83;193,526;304;0
TOTOSI;26233,66951;24693,425;34956,83;39710,25449999998;58276,21379999998;103216,52;149,267;197;0
360BET;18563,68262;14893,73;33592,369;36572,004499999995;50267,5721;56033,58;115,519;155;0
