concessionario;nome_commerciale;id_evento;evento_descrizione;quota_media;quota_min;quota_max;prob_implicita_media;num_ticket_coinvolti;num_righe_evento;importo_pagato_esposto;payout_potenziale_esposto;payout_potenziale_massimo_ticket;ticket_esclusi_montecarlo;ticket_incompatibili;ticket_correlati;ticket_misti;ticket_non_mappati;ticket_compatibili;righe_esito_mappato;righe_esito_non_mappato;num_famiglie_matrice;num_esiti_matrice;payout_incompatibile;payout_non_mappato;payout_misto;payout_correlato;impatto_atteso_stimato;impatto_compatibilita_stimato;pct_ticket_esclusi_montecarlo;pct_ticket_non_mappati;pct_righe_esito_non_mappato;peso_pct_su_nome_commerciale;peso_pct_su_concessionario
360BET;360BET.IT;E385;CALCIO | INGHILTERRA - I DIVISIONE | Arsenal - Leeds United | 1X2 | 1;1,409167;1,37;1,43;0,709846;12;12;1322,0;59316,27;30373,17;0;0;0;0;5;7;12;0;1;1;0,0;56056,95;0,0;0,0;42105,441432;11211,39;0,0;41,666667;0,0;2,232263;2,232263
360BET;360BET.IT;E550;CALCIO | SPAGNA - I DIVISIONE | Real Madrid - Villarreal | U/O | OVER;1,266667;1,26;1,27;0,789485;3;3;25,0;42425,64;30373,17;0;0;0;0;3;0;0;3;0;0;0,0;42425,64;0,0;0,0;33494,391451;8485,128;0,0;100,0;100,0;1,596614;1,596614
360BET;360BET.IT;E176;CALCIO | EUROPA - CONFERENCE LEAGUE | Atalanta - Pafos | 1X2 | 1;1,344286;1,33;1,35;0,743923;7;7;1105,0;39620,25;16342,16;0;0;0;0;3;4;7;0;1;1;0,0;35675,32;0,0;0,0;29474,427139;7135,064;0,0;42,857143;0,0;1,491038;1,491038
360BET;360BET.IT;E613;CALCIO | Serie A | Lazio - AC Monza | 1X2 | 1;1,7175;1,68;1,73;0,582286;8;8;52,95;39164,13;30373,17;0;0;0;0;3;5;8;0;1;1;0,0;31755,58;0,0;0,0;22804,706016;6351,116;0,0;37,5;0,0;1,473873;1,473873
360BET;360BET.IT;E360;CALCIO | GERMANIA - I DIVISIONE | Augsburg - Bayern Monaco | 1X2 | 2;1,222;1,22;1,23;0,818339;5;5;23,0;38564,5;30373,17;0;0;0;0;3;2;5;0;1;1;0,0;36723,79;0,0;0,0;31558,847128;7344,758;0,0;60,0;0,0;1,451307;1,451307
360BET;360BET.IT;E577;CALCIO | Serie A | Atalanta - Venezia | 1X2 | 1;1,648889;1,62;1,67;0,606566;9;9;61,45;34846,31;30373,17;0;0;0;0;5;4;9;0;1;1;0,0;32839,94;0,0;0,0;21136,591504;6567,988;0,0;55,555556;0,0;1,311379;1,311379
360BET;360BET.IT;E595;CALCIO | Serie A | Como - Roma | U/O | OVER;1,64;1,63;1,65;0,609771;3;3;23,0;34632,22;30373,17;0;0;0;0;3;0;0;3;0;0;0,0;34632,22;0,0;0,0;21117,730765;6926,444;0,0;100,0;100,0;1,303322;1,303322
360BET;360BET.IT;E607;CALCIO | Serie A | Inter - Parma Calcio | 1X2 | 1;1,140909;1,13;1,15;0,876561;11;11;332,0;33827,77;16154,05;0;0;0;0;7;4;11;0;1;1;0,0;26473,51;0,0;0,0;29652,101025;5294,702;0,0;63,636364;0,0;1,273048;1,273048
360BET;360BET.IT;E362;CALCIO | GERMANIA - I DIVISIONE | Borussia Dortmund - Werder Brema | 1X2 | 1;1,37;1,37;1,37;0,729927;4;4;22,0;33196,57;30373,17;0;0;0;0;2;2;4;0;1;1;0,0;31355,86;0,0;0,0;24231,072993;6271,172;0,0;50,0;0,0;1,249294;1,249294
360BET;360BET.IT;E306;CALCIO | EUROPA - UEFA NATIONS LEAGUE | Norvegia - Portogallo | GG/NG | GOAL;1,41;1,41;1,41;0,70922;3;3;12,0;31987,76;30373,17;0;0;0;0;3;0;0;3;0;0;0,0;31987,76;0,0;0,0;22686,35461;6397,552;0,0;100,0;100,0;1,203803;1,203803
360BET;360BET.IT;E249;CALCIO | EUROPA - UEFA NATIONS LEAGUE | Belgio - Francia | GG/NG | GOAL;1,47;1,47;1,47;0,680272;2;2;11,0;31836,14;30373,17;0;0;0;0;2;0;0;2;0;0;0,0;31836,14;0,0;0,0;21657,238095;6367,228;0,0;100,0;100,0;1,198097;1,198097
360BET;360BET.IT;E332;CALCIO | EUROPA - UEFA NATIONS LEAGUE | Turchia - Italia | GG/NG | GOAL;1,58;1,58;1,58;0,632911;2;2;11,0;31836,14;30373,17;0;0;0;0;2;0;0;2;0;0;0,0;31836,14;0,0;0,0;20149,455696;6367,228;0,0;100,0;100,0;1,198097;1,198097
360BET;360BET.IT;E610;CALCIO | Serie A | Inter - Parma Calcio | U/O | OVER;1,31;1,3;1,32;0,763403;2;2;11,0;30385,31;30373,17;0;0;0;0;2;0;0;2;0;0;0,0;30385,31;0,0;0,0;23196,244814;6077,062;0,0;100,0;100,0;1,143497;1,143497
360BET;360BET.IT;E346;CALCIO | FRANCIA - I DIVISIONE | Paris Saint-Germain - Le Mans FC | U/O | OVER;1,21;1,21;1,21;0,826446;1;1;10,0;30373,17;30373,17;0;0;0;0;1;0;0;1;0;0;0,0;30373,17;0,0;0,0;25101,793388;6074,634;0,0;100,0;100,0;1,143041;1,143041
360BET;360BET.IT;E536;CALCIO | SPAGNA - I DIVISIONE | Alaves - Atletico Madrid | U/O | OVER;1,25;1,25;1,25;0,8;1;1;10,0;30373,17;30373,17;0;0;0;0;1;0;0;1;0;0;0,0;30373,17;0,0;0,0;24298,536;6074,634;0,0;100,0;100,0;1,143041;1,143041
360BET;360BET.IT;E391;CALCIO | INGHILTERRA - I DIVISIONE | Chelsea - Bournemouth | GG/NG | GOAL;1,45;1,45;1,45;0,689655;1;1;10,0;30373,17;30373,17;0;0;0;0;1;0;0;1;0;0;0,0;30373,17;0,0;0,0;20947,013793;6074,634;0,0;100,0;100,0;1,143041;1,143041
360BET;360BET.IT;E398;CALCIO | INGHILTERRA - I DIVISIONE | Liverpool - Manchester City | GG/NG | GOAL;1,45;1,45;1,45;0,689655;1;1;10,0;30373,17;30373,17;0;0;0;0;1;0;0;1;0;0;0,0;30373,17;0,0;0,0;20947,013793;6074,634;0,0;100,0;100,0;1,143041;1,143041
360BET;360BET.IT;E404;CALCIO | INGHILTERRA - I DIVISIONE | Manchester United - Tottenham | GG/NG | GOAL;1,51;1,51;1,51;0,662252;1;1;10,0;30373,17;30373,17;0;0;0;0;1;0;0;1;0;0;0,0;30373,17;0,0;0,0;20114,682119;6074,634;0,0;100,0;100,0;1,143041;1,143041
360BET;360BET.IT;E540;CALCIO | SPAGNA - I DIVISIONE | Barcellona - Getafe | U/O | OVER;1,52;1,52;1,52;0,657895;1;1;10,0;30373,17;30373,17;0;0;0;0;1;0;0;1;0;0;0,0;30373,17;0,0;0,0;19982,348684;6074,634;0,0;100,0;100,0;1,143041;1,143041
360BET;360BET.IT;E632;CALCIO | Serie A | Napoli - Frosinone Calcio | U/O | OVER;1,52;1,52;1,52;0,657895;1;1;10,0;30373,17;30373,17;0;0;0;0;1;0;0;1;0;0;0,0;30373,17;0,0;0,0;19982,348684;6074,634;0,0;100,0;100,0;1,143041;1,143041
ADMIRAL;WWW.ADMIRALBET.IT;E985;CALCIO | GRECIA - I DIVISIONE | Super League 1 2026/27 | VINCENTE | AEK Atene;3,0;3,0;3,0;0,333333;56;56;78,6;260500,88;48410,25;0;0;0;0;56;0;0;56;0;0;0,0;260500,88;0,0;0,0;86833,626667;52100,176;0,0;100,0;100,0;7,2984;2,136819
ADMIRAL;WWW.ADMIRALBET.IT;E1290;CALCIO | REP. CECA- I DIVISIONE | 1 Liga 2026/27 | VINCENTE | Slavia Praga;1,555435;1,5;1,65;0,644165;46;46;163,85;228462,38;48410,25;0;0;0;0;46;0;0;46;0;0;0,0;228462,38;0,0;0,0;147167,569436;45692,476;0,0;100,0;100,0;6,400784;1,874016
ADMIRAL;WWW.ADMIRALBET.IT;E1292;CALCIO | SCOZIA - I DIVISIONE | Premiership 2026/27 | VINCENTE | Celtic;1,613393;1,4;1,8;0,625098;56;56;114,15;221538,87;48410,25;0;0;0;0;56;0;0;56;0;0;0,0;221538,87;0,0;0,0;138483,447014;44307,774;0,0;100,0;100,0;6,206809;1,817224
ADMIRAL;WWW.ADMIRALBET.IT;E1286;CALCIO | PORTOGALLO - I DIVISIONE | Primera Liga 2026/27 | VINCENTE | Porto;2,590625;2,3;2,75;0,388102;16;16;24,2;202750,01;48410,25;0;0;0;0;16;0;0;16;0;0;0,0;202750,01;0,0;0,0;78687,754596;40550,002;0,0;100,0;100,0;5,680406;1,663104
ADMIRAL;WWW.ADMIRALBET.IT;E1033;CALCIO | ITALIA - COPPA | Coppa Italia 2026/2027 | VINCENTE | Como;9,9;9,0;11,0;0,10202;20;20;33,55;173476,9;48410,25;0;0;0;0;20;0;0;20;0;0;0,0;173476,9;0,0;0,0;17698,148384;34695,38;0,0;100,0;100,0;4,860267;1,422985
ADMIRAL;WWW.ADMIRALBET.IT;E867;CALCIO | BELGIO - I DIVISIONE | Belgio Jupiler Pro League 2026/27 | VINCENTE | Club Bruges;2,523171;2,25;2,6;0,397318;41;41;50,45;166989,21;48410,25;0;0;0;0;41;0;0;41;0;0;0,0;166989,21;0,0;0,0;66347,878961;33397,842;0,0;100,0;100,0;4,678502;1,369768
ADMIRAL;WWW.ADMIRALBET.IT;E1260;CALCIO | OLANDA - I DIVISIONE | Eredivisie 2026/27 | VINCENTE | PSV;1,691176;1,65;1,9;0,592557;34;34;63,5;145941,26;40976,34;0;0;0;0;34;0;0;34;0;0;0,0;145941,26;0,0;0,0;86478,574093;29188,252;0,0;100,0;100,0;4,088806;1,197117
ADMIRAL;FAENZA MENGOLINA;E1004;CALCIO | INGHILTERRA - I DIVISIONE | Premier League 26/27 | VINCENTE | Arsenal;2,473684;2,25;2,5;0,404678;19;19;627,2;131975,8;49880,61;0;0;0;0;19;0;0;19;0;0;0,0;131975,8;0,0;0,0;53407,750643;26395,16;0,0;100,0;100,0;9,090823;1,082562
ADMIRAL;FAENZA MENGOLINA;E1260;CALCIO | OLANDA - I DIVISIONE | Eredivisie 2026/27 | VINCENTE | PSV;1,755714;1,65;1,9;0,571265;14;14;622,0;129753,85;49880,61;0;0;0;0;14;0;0;14;0;0;0,0;129753,85;0,0;0,0;74123,867177;25950,77;0,0;100,0;100,0;8,93777;1,064336
ADMIRAL;FAENZA MENGOLINA;E1298;CALCIO | SLOVACCHIA - I DIVISIONE | Super Liga 2026/27 | VINCENTE | Slovan Bratislava;1,39;1,13;1,65;0,745508;6;6;713,0;125569,06;49880,61;0;0;0;0;6;0;0;6;0;0;0,0;125569,06;0,0;0,0;93612,761276;25113,812;0,0;100,0;100,0;8,649511;1,03001
ADMIRAL;FAENZA MENGOLINA;E976;CALCIO | GERMANIA - I DIVISIONE | Bundesliga 2026/2027 | VINCENTE | Bayern Monaco;1,134;1,13;1,15;0,881878;5;5;613,0;125321,56;49880,61;0;0;0;0;5;0;0;5;0;0;0,0;125321,56;0,0;0,0;110518,282232;25064,312;0,0;100,0;100,0;8,632462;1,027979
ADMIRAL;POGGIBONSI TRENTO;E1290;CALCIO | REP. CECA- I DIVISIONE | 1 Liga 2026/27 | VINCENTE | Slavia Praga;1,58;1,5;1,65;0,634185;6;6;7,4;124870,3;35855,58;0;0;0;0;6;0;0;6;0;0;0,0;124870,3;0,0;0,0;79190,869598;24974,06;0,0;100,0;100,0;8,549506;1,024278
ADMIRAL;POGGIBONSI TRENTO;E985;CALCIO | GRECIA - I DIVISIONE | Super League 1 2026/27 | VINCENTE | AEK Atene;3,0;3,0;3,0;0,333333;6;6;7,4;124870,3;35855,58;0;0;0;0;6;0;0;6;0;0;0,0;124870,3;0,0;0,0;41623,433333;24974,06;0,0;100,0;100,0;8,549506;1,024278
ADMIRAL;ANCONA MUSONE;E820;CALCIO | AMERICA - COPPA SUDAMERICANA | Copa Sudamericana - 2026 | VINCENTE | River Plate;6,666667;6,5;7,0;0,150183;3;3;3,0;112891,24;44657,89;0;0;0;0;3;0;0;3;0;0;0,0;112891,24;0,0;0,0;16954,362051;22578,248;0,0;100,0;100,0;15,63579;0,926017
ADMIRAL;ANCONA MUSONE;E1013;CALCIO | INGHILTERRA - II DIVISIONE | Championship 2026/27 | VINCENTE | Middlesbrough;15,0;15,0;15,0;0,066667;3;3;3,0;112891,24;44657,89;0;0;0;0;3;0;0;3;0;0;0,0;112891,24;0,0;0,0;7526,082667;22578,248;0,0;100,0;100,0;15,63579;0,926017
ADMIRAL;WWW.ADMIRALBET.IT;E1324;CALCIO | SPAGNA - I DIVISIONE | Liga 2026/27 Senza Real Madrid e Barcellona | VINCENTE SENZA SQUADRE X Y I.A. 5 | Atletico Madrid;1,65;1,65;1,65;0,606061;13;13;69,7;111791,02;48410,25;0;0;0;0;13;0;0;13;0;0;0,0;111791,02;0,0;0,0;67752,133333;22358,204;0,0;100,0;100,0;3,132026;0,916992
ADMIRAL;WWW.ADMIRALBET.IT;E971;CALCIO | GERMANIA - I DIVISIONE | Bundesliga 2026/2027 Senza Bayern Monaco | VINCENTE SENZA SQUADRA X I.A.5 | Borussia Dortmund;2,5;2,5;2,5;0,4;8;8;13,7;103122,73;48410,25;0;0;0;0;8;0;0;8;0;0;0,0;103122,73;0,0;0,0;41249,092;20624,546;0,0;100,0;100,0;2,889168;0,845888
ADMIRAL;WWW.ADMIRALBET.IT;E1108;CALCIO | ITALIA - I DIVISIONE | Serie A 2026/27 | VINCENTE | Napoli;6,064815;5,5;6,5;0,165911;54;54;232,85;102429,79;25625,93;0;0;0;0;54;0;0;54;0;0;0,0;102429,79;0,0;0,0;16994,254419;20485,958;0,0;100,0;100,0;2,869754;0,840204
ADMIRAL;SAVONA SERVETTAZ;E976;CALCIO | GERMANIA - I DIVISIONE | Bundesliga 2026/2027 | VINCENTE | Bayern Monaco;1,15;1,15;1,15;0,869565;2;2;2,95;96352,94;48936,5;0;0;0;0;2;0;0;2;0;0;0,0;96352,94;0,0;0,0;83785,165217;19270,588;0,0;100,0;100,0;8,163461;0,790358
ADMIRAL;SAVONA SERVETTAZ;E1260;CALCIO | OLANDA - I DIVISIONE | Eredivisie 2026/27 | VINCENTE | PSV;1,65;1,65;1,65;0,606061;2;2;2,95;96352,94;48936,5;0;0;0;0;2;0;0;2;0;0;0,0;96352,94;0,0;0,0;58395,721212;19270,588;0,0;100,0;100,0;8,163461;0,790358
BBET;WWW.BBET.EU;E3746;CALCIO | INGHILTERRA - I DIVISIONE | Arsenal - Leeds United | 1X2 | 1;1,395745;1,34;1,43;0,716698;47;47;377,65;370710,86;46252,8;0;0;0;0;43;4;47;0;1;1;0,0;333397,83;0,0;0,0;265687,613025;66679,566;0,0;91,489362;0,0;1,139247;0,558789
BBET;WWW.BGAME.IT;E4194;CALCIO | ITALIA - I DIVISIONE | Napoli - Frosinone Calcio | 1X2 | 1;1,47789;1,42;1,49;0,676682;109;109;472,0;267972,39;9026,65;0;0;0;0;105;4;109;0;1;1;0,0;266587,82;0,0;0,0;181332,194913;53317,564;0,0;96,330275;0,0;2,826247;0,403927
BBET;WWW.BGAME.IT;E4113;CALCIO | ITALIA - I DIVISIONE | Inter - Parma Calcio | 1X2 | 1;1,145472;1,13;1,15;0,873047;106;106;499,6;263741,42;26123,59;0;0;0;0;103;3;106;0;1;1;0,0;262382,4;0,0;0,0;230258,739779;52476,48;0,0;97,169811;0,0;2,781624;0,397549
BBET;WWW.BBET.EU;E2803;CALCIO | EUROPA - UEFA NATIONS LEAGUE | Germania - Grecia | 1X2 | 1;1,412672;1,4;1,45;0,707896;116;116;1157,7;257792,14;49942,53;0;0;0;0;95;21;116;0;1;1;0,0;241207,15;0,0;0,0;182490,146978;48241,43;0,0;81,896552;0,0;0,792232;0,388581
BBET;WWW.BBET.EU;E2316;CALCIO | EUROPA - CONFERENCE LEAGUE | Egnatia Rrogozhine - FC Midtjylland | 1X2 | 2;1,553462;1,52;1,64;0,643902;26;26;69,2;253003,44;45522,1;0;0;0;0;19;7;26;0;1;1;0,0;228085,2;0,0;0,0;162909,499019;45617,04;0,0;73,076923;0,0;0,777516;0,381363
BBET;WWW.BBET.EU;E2332;CALCIO | EUROPA - CONFERENCE LEAGUE | Friburgo - FK Jablonec | 1X2 | 1;1,308108;1,27;1,33;0,764615;37;37;134,7;246942,88;45522,1;0;0;0;0;29;8;37;0;1;1;0,0;240788,22;0,0;0,0;188816,305568;48157,644;0,0;78,378378;0,0;0,758891;0,372228
BBET;WWW.BBET.EU;E3441;CALCIO | GERMANIA - I DIVISIONE | Borussia Dortmund - Werder Brema | 1X2 | 1;1,37;1,37;1,37;0,729927;22;22;100,8;235347,67;46252,8;0;0;0;0;20;2;22;0;1;1;0,0;234175,99;0,0;0,0;171786,620438;46835,198;0,0;90,909091;0,0;0,723257;0,35475
BBET;WWW.BBET.EU;E2389;CALCIO | EUROPA - CONFERENCE LEAGUE | Kuopion Palloseura - Trabzonspor | 1X2 | 2;1,566154;1,49;1,63;0,639688;26;26;119,2;228674,45;45522,1;0;0;0;0;18;8;26;0;1;1;0,0;204991,56;0,0;0,0;146280,370249;40998,312;0,0;69,230769;0,0;0,702749;0,344691
BBET;WWW.BBET.EU;E2255;CALCIO | EUROPA - CONFERENCE LEAGUE | Atalanta - Pafos | 1X2 | 1;1,352162;1,33;1,4;0,739606;37;37;226,75;225853,81;45522,1;0;0;0;0;28;9;37;0;1;1;0,0;220459,92;0,0;0,0;167042,778893;44091,984;0,0;75,675676;0,0;0,694081;0,340439
BBET;WWW.BBET.EU;E4148;CALCIO | ITALIA - I DIVISIONE | Lazio - AC Monza | 1X2 | 1;1,707838;1,62;1,73;0,585663;37;37;116,9;225095,16;46252,8;0;0;0;0;26;11;37;0;1;1;0,0;192835,9;0,0;0,0;131829,965814;38567,18;0,0;70,27027;0,0;0,69175;0,339296
BBET;WWW.BBET.EU;E1910;CALCIO | EUROPA - CHAMPIONS LEAGUE | Arsenal - Lille | 1X2 | 1;1,258222;1,22;1,29;0,795188;45;45;273,15;217236,83;44423,51;0;0;0;0;35;10;45;0;1;1;0,0;184641,64;0,0;0,0;172744,017508;36928,328;0,0;77,777778;0,0;0,6676;0,327451
BBET;WWW.BBET.EU;E3017;CALCIO | EUROPA - UEFA NATIONS LEAGUE | Macedonia del Nord - Svizzera | 1X2 | 2;1,326667;1,25;1,39;0,754604;48;48;277,25;213974,41;45522,1;0;0;0;0;44;4;48;0;1;1;0,0;213017,11;0,0;0,0;161465,97748;42603,422;0,0;91,666667;0,0;0,657574;0,322533
BBET;WWW.BBET.EU;E3336;CALCIO | FRANCIA - I DIVISIONE | Lille - Le Havre AC | 1X2 | 1;1,4572;1,43;1,46;0,686267;25;25;101,55;209935,17;46252,8;0;0;0;0;23;2;25;0;1;1;0,0;209085,79;0,0;0,0;144071,644297;41817,158;0,0;92,0;0,0;0,645161;0,316444
BBET;WWW.BBET.EU;E4040;CALCIO | ITALIA - I DIVISIONE | Como - Roma | GG/NG | GOAL;1,537273;1,53;1,55;0,650518;11;11;31,4;209105,1;46252,8;0;0;0;0;11;0;0;11;0;0;0,0;209105,1;0,0;0,0;136026,651103;41821,02;0,0;100,0;100,0;0,64261;0,315193
BBET;WWW.BBET.EU;E2427;CALCIO | EUROPA - CONFERENCE LEAGUE | Panathinaikos - FK Borac Banja Luka | 1X2 | 1;1,235833;1,19;1,27;0,809257;36;36;149,25;206835,36;45522,1;0;0;0;0;27;9;36;0;1;1;0,0;201864,32;0,0;0,0;167383,003144;40372,864;0,0;75,0;0,0;0,635635;0,311772
BBET;WWW.BBET.EU;E5500;CALCIO | SPAGNA - I DIVISIONE | Real Madrid - Villarreal | 1X2 | 1;1,310278;1,28;1,35;0,763459;36;36;301,25;203657,01;46252,8;0;0;0;0;30;6;36;0;1;1;0,0;161011,52;0,0;0,0;155483,711443;32202,304;0,0;83,333333;0,0;0,625867;0,306981
BBET;WWW.BBET.EU;E2285;CALCIO | EUROPA - CONFERENCE LEAGUE | CSKA Sofia - Monaco | 1X2 | 2;1,476129;1,46;1,49;0,677489;31;31;79,2;203466,25;45522,1;0;0;0;0;21;10;31;0;1;1;0,0;178650,3;0,0;0,0;137846,14187;35730,06;0,0;67,741935;0,0;0,625281;0,306694
BBET;WWW.BBET.EU;E2463;CALCIO | EUROPA - CONFERENCE LEAGUE | Twente - Thun | 1X2 | 1;1,202414;1,2;1,21;0,831671;29;29;112,25;192831,47;45522,1;0;0;0;0;24;5;29;0;1;1;0,0;189825,47;0,0;0,0;160372,330184;37965,094;0,0;82,758621;0,0;0,592599;0,290663
BBET;WWW.BBET.EU;E2026;CALCIO | EUROPA - CHAMPIONS LEAGUE | Galatasaray - Barcellona | 1X2 | 2;1,324848;1,31;1,35;0,754874;33;33;229,1;191697,53;45522,1;0;0;0;0;23;10;33;0;1;1;0,0;157787,63;0,0;0,0;144707,435156;31557,526;0,0;69,69697;0,0;0,589114;0,288954
BBET;WWW.BBET.EU;E4113;CALCIO | ITALIA - I DIVISIONE | Inter - Parma Calcio | 1X2 | 1;1,14551;1,13;1,15;0,873012;49;49;488,6;191691,58;46252,8;0;0;0;0;40;9;49;0;1;1;0,0;149185,74;0,0;0,0;167349,043854;29837,148;0,0;81,632653;0,0;0,589096;0,288945
DOMUSBET;WWW.DOMUSBET.IT;E57764;CALCIO | INGHILTERRA - I DIVISIONE | Manchester City - Sunderland | 1X2 | 1;1,326265;1,09;1,6;0,754728;5440;5440;73707,1;17084558,01;50000,0;0;0;2;11;3927;1500;5440;0;1;1;0,0;13440644,38;66064,47;77,44;12894192,020638;2721168,855;0,0;72,1875;0,0;0,666362;0,666362
DOMUSBET;WWW.DOMUSBET.IT;E67477;CALCIO | ITALIA - I DIVISIONE | Milan - Lecce | 1X2 | 1;1,25361;1,05;1,32;0,797815;8861;8861;102810,75;15556568,6;50000,0;0;0;3;39;6025;2794;8861;0;1;1;0,0;10157950,54;76921,78;1734,78;12411268,14951;2070224,476;0,0;67,994583;0,0;0,606765;0,606765
DOMUSBET;WWW.DOMUSBET.IT;E66573;CALCIO | ITALIA - I DIVISIONE | Frosinone - Como | 1X2 | 2;1,56462;1,29;25,0;0,663037;6004;6004;55586,0;9826885,53;50000,0;0;0;1;6;3840;2157;6004;0;1;1;0,0;5665858,26;52723,65;1507,33;6515587,664783;1159684,21;0,0;63,957362;0,0;0,383286;0,383286
DOMUSBET;WWW.DOMUSBET.IT;E47612;CALCIO | GERMANIA - I DIVISIONE | Bayer Leverkusen - Lipsia | GG/NG | GG;1,323109;1,28;3,1;0,756422;3223;3223;21535,45;7906697,34;50000,0;0;0;0;4;3219;0;0;3223;0;0;0,0;7803363,47;103333,87;0,0;5980801,127151;1612339,629;0,0;99,875892;100,0;0,308391;0,308391
DOMUSBET;WWW.DOMUSBET.IT;E69399;CALCIO | ITALIA - I DIVISIONE | Venezia - Lazio | 1X2 | 2;1,995685;1,01;2,85;0,502396;4387;4387;39366,85;7571970,86;50000,0;0;0;0;3;2578;1806;4387;0;1;1;0,0;3869769,39;2256,28;0,0;3804125,998821;775082,018;0,0;58,764532;0,0;0,295335;0,295335
DOMUSBET;WWW.DOMUSBET.IT;E70815;CALCIO | ITALIA - II DIVISIONE | Palermo - Padova | 1X2 | 1;1,585049;1,01;4,25;0,638809;3242;3242;41001,55;7259749,69;50000,0;0;0;0;4;2290;948;3242;0;1;1;0,0;5399250,66;5724,86;0,0;4637593,642901;1082712,562;0,0;70,63541;0,0;0,283158;0,283158
DOMUSBET;WWW.DOMUSBET.IT;E84894;CALCIO | OLANDA - I DIVISIONE | AZ Alkmaar - Telstar | 1X2 | 1;1,24097;1,01;1,28;0,805967;1732;1732;20153,45;6880474,7;50000,0;0;0;0;2;1212;518;1732;0;1;1;0,0;5664358,83;2129,84;0,0;5545434,363047;1133936,686;0,0;69,976905;0,0;0,268364;0,268364
DOMUSBET;WWW.DOMUSBET.IT;E98390;CALCIO | SPAGNA - I DIVISIONE | Villarreal - Levante | 1X2 | 1;1,510648;1,07;1,72;0,662305;3902;3902;37119,7;6533066,81;50000,0;1;1;0;5;2966;930;3902;0;1;1;1097,35;4260360,5;1390,06;0,0;4326884,923816;853864,48;0,025628;76,012301;0,0;0,254814;0,254814
DOMUSBET;WWW.DOMUSBET.IT;E47741;CALCIO | GERMANIA - I DIVISIONE | Bayer Leverkusen - Lipsia | U/O INFO1 | OVER;1,313218;1,01;4,0;0,766594;2564;2564;23922,85;6458353,43;50000,0;0;0;0;0;2564;0;0;2564;0;0;0,0;6458353,43;0,0;0,0;4950935,738321;1291670,686;0,0;100,0;100,0;0,2519;0,2519
DOMUSBET;WWW.DOMUSBET.IT;E44464;CALCIO | FRANCIA - I DIVISIONE | Marsiglia - PSG | 1X2 | 2;1,430048;1,01;2,0;0,699827;4794;4794;67203,3;6325922,49;49988,91;0;0;3;8;3744;1039;4794;0;1;1;0,0;4953082,32;3079,27;271,06;4427049,540995;992183,205;0,0;78,097622;0,0;0,246735;0,246735
DOMUSBET;WWW.DOMUSBET.IT;E44715;CALCIO | FRANCIA - I DIVISIONE | Marsiglia - PSG | X2+U/O INFO1 | X2 + OV;1,289025;1,24;2,17;0,778749;1180;1180;17891,85;6170234,53;50000,0;0;0;0;1;1179;0;0;1180;0;0;0,0;6120234,53;50000,0;0,0;4805066,900101;1249046,906;0,0;99,915254;100,0;0,240662;0,240662
DOMUSBET;WWW.DOMUSBET.IT;E67046;CALCIO | ITALIA - I DIVISIONE | Juventus - Atalanta | 1X2 | 1;1,696384;1,17;1,81;0,590216;4690;4690;40037,55;6118322,62;50000,0;0;0;0;5;3127;1558;4690;0;1;1;0,0;3708944,61;52056,46;0,0;3611131,169467;767817,152;0,0;66,673774;0,0;0,238638;0,238638
DOMUSBET;WWW.DOMUSBET.IT;E68576;CALCIO | ITALIA - I DIVISIONE | Roma - Inter | GG/NG | GG;1,469997;1,18;1,55;0,680472;3718;3718;30404,65;5538846,8;49943,65;0;0;0;2;3716;0;0;3718;0;0;0,0;5536393,85;2452,95;0,0;3769032,409047;1108505,245;0,0;99,946208;100,0;0,216036;0,216036
DOMUSBET;WWW.DOMUSBET.IT;E96026;CALCIO | SPAGNA - I DIVISIONE | Atletico Madrid - Real Madrid | GG/NG | GG;1,460306;1,41;5,5;0,686457;3305;3305;24961,4;5252328,7;50000,0;0;0;0;5;3300;0;0;3305;0;0;0,0;5198645,28;53683,42;0,0;3605499,60859;1066570,766;0,0;99,848714;100,0;0,204861;0,204861
DOMUSBET;WWW.DOMUSBET.IT;E48678;CALCIO | GERMANIA - I DIVISIONE | Stoccarda - Borussia Dortmund | GG/NG | GG;1,331423;1,3;2,5;0,752142;1314;1314;11517,75;5164112,29;49943,65;0;0;0;1;1313;0;0;1314;0;0;0,0;5163511,99;600,3;0,0;3884145,891824;1033002,548;0,0;99,923896;100,0;0,20142;0,20142
DOMUSBET;WWW.DOMUSBET.IT;E57546;CALCIO | INGHILTERRA - I DIVISIONE | Leeds - Crystal Palace | 1X+U/O INFO1 | 1X + OV;1,495626;1,47;2,17;0,668926;1127;1127;6038,45;4744002,95;50000,0;0;0;0;1;1126;0;0;1127;0;0;0,0;4694002,95;50000,0;0,0;3173389,157882;963800,59;0,0;99,911269;100,0;0,185034;0,185034
DOMUSBET;WWW.DOMUSBET.IT;E58164;CALCIO | INGHILTERRA - I DIVISIONE | Nottingham Forest - Coventry City | 1X2 | 1;1,712636;1,57;60,0;0,608339;2045;2045;21358,55;4590539,87;49411,32;0;0;0;2;1356;687;2045;0;1;1;0,0;2361923,8;3235,39;0,0;2792606,298427;474002,455;0,0;66,308068;0,0;0,179048;0,179048
DOMUSBET;WWW.DOMUSBET.IT;E66864;CALCIO | ITALIA - I DIVISIONE | Frosinone - Como | X2+U/O INFO1 | X2 + OV;1,331158;1,27;2,36;0,753207;3343;3343;32278,05;4575304,24;50000,0;0;0;0;2;3341;0;0;3343;0;0;0,0;4574142,45;1161,79;0,0;3446148,936136;915409,385;0,0;99,940173;100,0;0,178454;0,178454
DOMUSBET;WWW.DOMUSBET.IT;E66216;CALCIO | ITALIA - I DIVISIONE | Fiorentina - Napoli | 1X2 | 2;2,342405;1,42;20,0;0,442377;2100;2100;18545,65;4453338,03;50000,0;0;0;0;0;1040;1060;2100;0;1;1;0,0;2098514,56;0,0;0,0;1970056,435969;419702,912;0,0;49,52381;0,0;0,173697;0,173697
DOMUSBET;WWW.DOMUSBET.IT;E90261;CALCIO | PORTOGALLO - I DIVISIONE | Sporting Lisbona - Arouca | 1X2 | 1;1,223316;1,01;15,0;0,845405;1936;1936;30389,95;4424237,28;50000,0;0;0;0;4;1405;527;1936;0;1;1;0,0;3319039,54;323,03;0,0;3740274,094504;663969,423;0,0;72,572314;0,0;0,172562;0,172562
MARATHON;WWW.MARATHONBET_PVR.IT;E122868;CALCIO | EUROPA - CHAMPIONS LEAGUE | LASK Linz - Liverpool | 1X2 | 2;1,236571;1,22;1,26;0,808761;70;70;264,75;917565,98;49871,5;0;0;0;0;51;19;70;0;1;1;0,0;790308,91;0,0;0,0;742091,226676;158061,782;0,0;72,857143;0,0;1,225753;1,144254
MARATHON;WWW.MARATHONBET_PVR.IT;E122699;CALCIO | EUROPA - CHAMPIONS LEAGUE | Arsenal - Lille | 1X2 | 1;1,252735;1,21;1,28;0,798588;117;117;435,1;906607,64;49871,5;0;0;0;0;91;26;117;0;1;1;0,0;790292,36;0,0;0,0;724005,975574;158058,472;0,0;77,777778;0,0;1,211114;1,130589
MARATHON;WWW.MARATHONBET_PVR.IT;E122824;CALCIO | EUROPA - CHAMPIONS LEAGUE | Galatasaray - Barcellona | 1X2 | 2;1,311429;1,29;1,34;0,762623;70;70;262,85;865915,46;50000,0;0;0;0;0;42;28;70;0;1;1;0,0;693424,34;0,0;0,0;660366,825081;138684,868;0,0;60,0;0,0;1,156755;1,079843
MARATHON;WWW.MARATHONBET_PVR.IT;E124451;CALCIO | INGHILTERRA - I DIVISIONE | Arsenal - Leeds United | 1X2 | 1;1,378936;1,33;1,41;0,725387;94;94;294,45;864061,23;49871,5;0;0;0;0;82;12;94;0;1;1;0,0;796052,85;0,0;0,0;626778,705364;159210,57;0,0;87,234043;0,0;1,154278;1,077531
MARATHON;WWW.MARATHONBET_PVR.IT;E124804;CALCIO | ITALIA - I DIVISIONE | Lazio - AC Monza | 1X2 | 1;1,692333;1,67;1,71;0,59096;90;90;265,15;803872,4;50000,0;0;0;0;1;64;25;90;0;1;1;0,0;732385,02;480,67;0,0;475056,817373;146717,339;0,0;71,111111;0,0;1,073873;1,002472
MARATHON;WWW.MARATHONBET_PVR.IT;E122978;CALCIO | EUROPA - CHAMPIONS LEAGUE | Roma - Real Madrid | 1X2 | 2;1,95;1,82;2,05;0,513401;40;40;165,4;752703,71;50000,0;0;0;0;0;26;14;40;0;1;1;0,0;579190,4;0,0;0,0;386439,120512;115838,08;0,0;65,0;0,0;1,005518;0,938662
MARATHON;WWW.MARATHONBET_PVR.IT;E123019;CALCIO | EUROPA - CHAMPIONS LEAGUE | Slovan Bratislava - Stoccarda | 1X2 | 2;1,328378;1,31;1,33;0,75281;37;37;121,9;650168,23;50000,0;0;0;0;0;31;6;37;0;1;1;0,0;586565,37;0,0;0,0;489453,428319;117313,074;0,0;83,783784;0,0;0,868543;0,810795
MARATHON;WWW.MARATHONBET_PVR.IT;E124139;CALCIO | FRANCIA - I DIVISIONE | Lille - Le Havre AC | 1X2 | 1;1,436585;1,41;1,45;0,696154;41;41;102,95;604254,34;50000,0;0;0;0;0;35;6;41;0;1;1;0,0;565806,58;0,0;0,0;420654,23361;113161,316;0,0;85,365854;0,0;0,807208;0,753538
MARATHON;WWW.MARATHONBET_PVR.IT;E122845;CALCIO | EUROPA - CHAMPIONS LEAGUE | Inter - Club Bruges | 1X2 | 1;1,281868;1,25;1,29;0,780145;91;91;330,3;598433,8;49871,5;0;0;0;0;67;24;91;0;1;1;0,0;459067,52;0,0;0,0;466865,271899;91813,504;0,0;73,626374;0,0;0,799433;0,746279
MARATHON;WWW.MARATHONBET_PVR.IT;E125836;CALCIO | SPAGNA - I DIVISIONE | Real Madrid - Villarreal | 1X2 | 1;1,290909;1,26;1,33;0,774915;77;77;210,5;597231,52;49193,5;0;0;0;0;65;12;77;0;1;1;0,0;529223,14;0,0;0,0;462803,931913;105844,628;0,0;84,415584;0,0;0,797826;0,74478
MARATHON;WWW.MARATHONBET_PVR.IT;E123164;CALCIO | EUROPA - CONFERENCE LEAGUE | Friburgo - FK Jablonec | 1X2 | 1;1,290159;1,26;1,32;0,775175;63;63;216,1;582932,92;47707,77;0;0;0;0;51;12;63;0;1;1;0,0;572974,2;0,0;0,0;451874,848004;114594,84;0,0;80,952381;0,0;0,778725;0,726949
MARATHON;WWW.MARATHONBET_PVR.IT;E123187;CALCIO | EUROPA - CONFERENCE LEAGUE | Hajduk Spalato - Ajax | 1X2 | 2;1,553125;1,47;1,91;0,646544;32;32;114,5;567622,65;50000,0;0;0;0;0;27;5;32;0;1;1;0,0;560724,99;0,0;0,0;366993,216716;112144,998;0,0;84,375;0,0;0,758273;0,707856
MARATHON;WWW.MARATHONBET_PVR.IT;E123247;CALCIO | EUROPA - CONFERENCE LEAGUE | Panathinaikos - FK Borac Banja Luka | 1X2 | 1;1,220676;1,18;1,26;0,819394;74;74;232,0;558179,49;47707,77;0;0;0;0;59;15;74;0;1;1;0,0;546712,93;0,0;0,0;457368,784707;109342,586;0,0;79,72973;0,0;0,745658;0,69608
MARATHON;WWW.MARATHONBET_PVR.IT;E123127;CALCIO | EUROPA - CONFERENCE LEAGUE | CSKA Sofia - Monaco | 1X2 | 2;1,460286;1,45;1,47;0,68483;35;35;108,65;523353,8;50000,0;0;0;0;0;28;7;35;0;1;1;0,0;514589,93;0,0;0,0;358408,171871;102917,986;0,0;80,0;0,0;0,699135;0,65265
MARATHON;WWW.MARATHONBET_PVR.IT;E123056;CALCIO | EUROPA - CHAMPIONS LEAGUE | Viking FK - Bayern Monaco | 1X2 | 2;1,096491;1,09;1,1;0,912017;57;57;198,7;521319,03;47707,77;0;0;0;0;39;18;57;0;1;1;0,0;388235,38;0,0;0,0;475451,986888;77647,076;0,0;68,421053;0,0;0,696417;0,650113
MARATHON;WWW.MARATHONBET_PVR.IT;E124856;CALCIO | ITALIA - I DIVISIONE | Napoli - Frosinone Calcio | 1X2 | 1;1,460952;1,44;1,48;0,684533;63;63;195,6;511641,54;49193,5;0;0;0;1;48;14;63;0;1;1;0,0;446403,42;480,67;0,0;350235,379924;89521,019;0,0;76,190476;0,0;0,683489;0,638045
MARATHON;WWW.MARATHONBET_PVR.IT;E123097;CALCIO | EUROPA - CONFERENCE LEAGUE | Atalanta - Pafos | 1X2 | 1;1,333621;1,32;1,39;0,749933;58;58;151,7;481724,81;47707,77;0;0;0;0;46;12;58;0;1;1;0,0;477472,11;0,0;0,0;361261,431079;95494,422;0,0;79,310345;0,0;0,643524;0,600737
MARATHON;WWW.MARATHONBET_PVR.IT;E124152;CALCIO | FRANCIA - I DIVISIONE | Monaco - Tolosa FC | 1X2 | 1;1,675185;1,66;1,73;0,597065;27;27;53,85;480692,32;50000,0;0;0;0;0;22;5;27;0;1;1;0,0;477048,74;0,0;0,0;287004,704861;95409,748;0,0;81,481481;0,0;0,642145;0,599449
MARATHON;WWW.MARATHONBET_PVR.IT;E124654;CALCIO | ITALIA - I DIVISIONE | Atalanta - Venezia | 1X2 | 1;1,640625;1,63;1,67;0,609564;64;64;220,7;474770,84;46893,44;0;0;0;0;45;19;64;0;1;1;0,0;405565,93;0,0;0,0;289403,094664;81113,186;0,0;70,3125;0,0;0,634234;0,592065
MARATHON;WWW.MARATHONBET_PVR.IT;E123002;CALCIO | EUROPA - CHAMPIONS LEAGUE | Sabah Masazir - Slavia Praga | 1X2 | 2;1,988125;1,93;1,99;0,503001;32;32;89,4;464659,36;50000,0;0;0;0;0;20;12;32;0;1;1;0,0;382603,72;0,0;0,0;233724,008931;76520,744;0,0;62,5;0,0;0,620727;0,579455
SPORTBET;SPORTBET.IT;E127543;CALCIO | EUROPA - UEFA NATIONS LEAGUE | Germania - Grecia | 1X2 | 1;1,411941;1,32;1,46;0,70839;273;273;4045,7;419983,68;49387,54;0;0;0;1;196;76;273;0;1;1;0,0;383673,68;177,61;0,0;297512,179039;76823,541;0,0;71,794872;0,0;0,987531;0,987393
SPORTBET;SPORTBET.IT;E127006;CALCIO | EUROPA - CHAMPIONS LEAGUE | Viking FK - Bayern Monaco | U/O | OVER;1,315185;1,03;2,04;0,781433;27;27;100,7;361766,31;50000,0;0;0;0;0;27;0;0;27;0;0;0,0;361766,31;0,0;0,0;282696,101801;72353,262;0,0;100,0;100,0;0,850641;0,850522
SPORTBET;SPORTBET.IT;E126944;CALCIO | EUROPA - CHAMPIONS LEAGUE | Roma - Real Madrid | U/O | OVER;1,461364;1,1;1,95;0,701256;22;22;73,7;360347,29;50000,0;0;0;0;0;22;0;0;22;0;0;0,0;360347,29;0,0;0,0;252695,735444;72069,458;0,0;100,0;100,0;0,847305;0,847186
SPORTBET;SPORTBET.IT;E126784;CALCIO | EUROPA - CHAMPIONS LEAGUE | Feyenoord - Como | U/O | OVER;1,473529;1,14;1,96;0,691853;34;34;106,25;359997,58;50000,0;0;0;0;0;34;0;0;34;0;0;0,0;359997,58;0,0;0,0;249065,450827;71999,516;0,0;100,0;100,0;0,846482;0,846364
SPORTBET;SPORTBET.IT;E126740;CALCIO | EUROPA - CHAMPIONS LEAGUE | Bodo Glimt - Borussia Dortmund | U/O | OVER;1,431739;1,1;1,87;0,712418;23;23;97,2;358244,99;50000,0;0;0;0;0;23;0;0;23;0;0;0,0;358244,99;0,0;0,0;255220,352005;71648,998;0,0;100,0;100,0;0,842361;0,842244
SPORTBET;SPORTBET.IT;E126719;CALCIO | EUROPA - CHAMPIONS LEAGUE | Atletico Madrid - Manchester United | U/O | OVER;1,383684;1,01;1,45;0,730919;19;19;29,7;353979,1;50000,0;0;0;0;0;19;0;0;19;0;0;0,0;353979,1;0,0;0,0;258730,03618;70795,82;0,0;100,0;100,0;0,832331;0,832214
SPORTBET;SPORTBET.IT;E126890;CALCIO | EUROPA - CHAMPIONS LEAGUE | Manchester City - Paris Saint-Germain | U/O | OVER;1,511111;1,1;1,93;0,680346;18;18;36,7;353523,99;50000,0;0;0;0;0;18;0;0;18;0;0;0,0;353523,99;0,0;0,0;240518,543698;70704,798;0,0;100,0;100,0;0,831261;0,831144
SPORTBET;SPORTBET.IT;E126681;CALCIO | EUROPA - CHAMPIONS LEAGUE | Arsenal - Lille | 1X2 | 1;1,25;1,21;1,28;0,800328;88;88;428,8;331927,29;49899,2;0;0;0;0;69;19;88;0;1;1;0,0;243355,05;0,0;0,0;265650,717716;48671,01;0,0;78,409091;0,0;0,780479;0,78037
SPORTBET;SPORTBET.IT;E126834;CALCIO | EUROPA - CHAMPIONS LEAGUE | LASK Linz - Liverpool | U/O | OVER;1,331176;1,1;1,37;0,752953;17;17;25,35;328847,6;50000,0;0;0;0;0;17;0;0;17;0;0;0,0;328847,6;0,0;0,0;247606,83847;65769,52;0,0;100,0;100,0;0,773238;0,773129
SPORTBET;SPORTBET.IT;E126967;CALCIO | EUROPA - CHAMPIONS LEAGUE | Slovan Bratislava - Stoccarda | U/O | OVER;1,552143;1,37;1,97;0,660791;14;14;18,35;327941,74;50000,0;0;0;0;0;14;0;0;14;0;0;0,0;327941,74;0,0;0,0;216700,864854;65588,348;0,0;100,0;100,0;0,771108;0,771
SPORTBET;SPORTBET.IT;E126822;CALCIO | EUROPA - CHAMPIONS LEAGUE | Inter - Club Bruges | U/O | OVER;1,495556;1,49;1,51;0,668659;18;18;29,35;327928,15;50000,0;0;0;0;0;18;0;0;18;0;0;0,0;327928,15;0,0;0,0;219271,953;65585,63;0,0;100,0;100,0;0,771076;0,770968
SPORTBET;SPORTBET.IT;E128511;CALCIO | INGHILTERRA - I DIVISIONE | Arsenal - Leeds United | 1X2 | 1;1,380417;1,33;1,41;0,724639;72;72;270,15;301104,21;49899,2;0;0;0;0;66;6;72;0;1;1;0,0;246416,34;0,0;0,0;218191,935562;49283,268;0,0;91,666667;0,0;0,708003;0,707904
SPORTBET;SPORTBET.IT;E126869;CALCIO | EUROPA - CHAMPIONS LEAGUE | Lipsia - PSV Eindhoven | U/O | OVER;1,471667;1,1;1,92;0,702018;24;24;73,7;294988,28;50000,0;0;0;0;0;24;0;0;24;0;0;0,0;294988,28;0,0;0,0;207087,076537;58997,656;0,0;100,0;100,0;0,693622;0,693525
SPORTBET;SPORTBET.IT;E126812;CALCIO | EUROPA - CHAMPIONS LEAGUE | Inter - Club Bruges | 1X2 | 1;1,282813;1,25;1,29;0,779559;96;96;577,45;287350,71;47896,19;0;0;0;0;74;22;96;0;1;1;0,0;246946,17;0,0;0,0;224006,77631;49389,234;0,0;77,083333;0,0;0,675664;0,675569
SPORTBET;SPORTBET.IT;E128956;CALCIO | ITALIA - I DIVISIONE | Napoli - Frosinone Calcio | 1X2 | 1;1,45971;1,41;1,48;0,685138;69;69;196,2;262817,57;49899,2;0;0;0;0;56;13;69;0;1;1;0,0;197640,65;0,0;0,0;180066,17699;39528,13;0,0;81,15942;0,0;0,617978;0,617891
SPORTBET;SPORTBET.IT;E127448;CALCIO | EUROPA - UEFA NATIONS LEAGUE | Danimarca - Galles | 1X2 | 1;1,477382;1,41;1,64;0,677148;191;191;1473,85;243088,46;49150,04;0;0;0;1;138;52;191;0;1;1;0,0;217921,4;177,61;0,0;164606,823404;43673,085;0,0;72,251309;0,0;0,571587;0,571507
SPORTBET;SPORTBET.IT;E130062;CALCIO | SPAGNA - I DIVISIONE | Real Madrid - Villarreal | 1X2 | 1;1,289811;1,26;1,33;0,775571;53;53;254,55;231320,68;49387,54;0;0;0;0;50;3;53;0;1;1;0,0;228189,22;0,0;0,0;179405,647807;45637,844;0,0;94,339623;0,0;0,543917;0,543841
SPORTBET;SPORTBET.IT;E126848;CALCIO | EUROPA - CHAMPIONS LEAGUE | Lens - Sporting Lisbona | U/O | OVER;1,62;1,16;2,3;0,66006;19;19;48,35;223721,83;50000,0;0;0;0;0;19;0;0;19;0;0;0,0;223721,83;0,0;0,0;147669,737281;44744,366;0,0;100,0;100,0;0,52605;0,525976
SPORTBET;SPORTBET.IT;E127353;CALCIO | EUROPA - UEFA NATIONS LEAGUE | Austria - Kosovo | 1X2 | 1;1,561125;1,47;1,63;0,640705;160;160;956,6;217544,4;49150,04;0;0;0;1;101;58;160;0;1;1;0,0;195838,18;177,61;0,0;139381,684563;39256,441;0,0;63,125;0,0;0,511524;0,511453
SPORTBET;SPORTBET.IT;E126825;CALCIO | EUROPA - CHAMPIONS LEAGUE | LASK Linz - Liverpool | 1X2 | 2;1,240833;1,23;1,26;0,805998;48;48;280,45;208939,3;49899,2;0;0;0;0;35;13;48;0;1;1;0,0;122394,17;0,0;0,0;168404,759198;24478,834;0,0;72,916667;0,0;0,491291;0,491222
STANLEYBET;WWW.STANLEYBET.IT;E132952;CALCIO | ITALIA - I DIVISIONE | Serie A 2026/27 | T/T | 1;1,691569;1,5;2,25;0,594482;102;102;2415,25;835462,97;40552,01;0;0;0;0;102;0;0;102;0;0;0,0;835462,97;0,0;0,0;496668,006023;167092,594;0,0;100,0;100,0;1,359521;1,359521
STANLEYBET;WWW.STANLEYBET.IT;E132672;CALCIO | INGHILTERRA - I DIVISIONE | Premier League 26/27 | T/T | 1;1,721579;1,5;2,25;0,592924;76;76;497,25;694612,46;40552,01;0;0;0;0;76;0;0;76;0;0;0,0;694612,46;0,0;0,0;411852,55752;138922,492;0,0;100,0;100,0;1,13032;1,13032
STANLEYBET;WWW.STANLEYBET.IT;E134147;CALCIO | SCOZIA - I DIVISIONE | Premiership 2026/27 | VINCENTE | Celtic;1,606265;1,27;1,8;0,630018;83;83;753,0;632772,41;40552,01;0;0;0;0;83;0;0;83;0;0;0,0;632772,41;0,0;0,0;398657,969648;126554,482;0,0;100,0;100,0;1,02969;1,02969
STANLEYBET;WWW.STANLEYBET.IT;E134223;CALCIO | SPAGNA - I DIVISIONE | Liga 2026/2027 | T/T | 1;1,681515;1,55;2,05;0,596806;66;66;1007,0;620688,18;40552,01;0;0;0;0;66;0;0;66;0;0;0,0;620688,18;0,0;0,0;370430,701132;124137,636;0,0;100,0;100,0;1,010026;1,010026
STANLEYBET;WWW.STANLEYBET.IT;E134226;CALCIO | SPAGNA - I DIVISIONE | Liga 2026/2027 | VINCENTE | Barcellona;1,653143;1,25;1,8;0,611124;70;70;393,75;561723,35;50000,0;0;0;0;0;70;0;0;70;0;0;0,0;561723,35;0,0;0,0;343282,679147;112344,67;0,0;100,0;100,0;0,914074;0,914074
STANLEYBET;WWW.STANLEYBET.IT;E132953;CALCIO | ITALIA - I DIVISIONE | Serie A 2026/27 | T/T | 2;1,758065;1,53;2,15;0,576556;62;62;1028,25;545949,25;40552,01;0;0;0;0;62;0;0;62;0;0;0,0;545949,25;0,0;0,0;314770,414479;109189,85;0,0;100,0;100,0;0,888405;0,888405
STANLEYBET;WWW.STANLEYBET.IT;E132673;CALCIO | INGHILTERRA - I DIVISIONE | Premier League 26/27 | T/T | 2;1,890508;1,5;2,2;0,538084;59;59;614,25;531567,39;40552,01;0;0;0;0;59;0;0;59;0;0;0,0;531567,39;0,0;0,0;286028,065777;106313,478;0,0;100,0;100,0;0,865002;0,865002
STANLEYBET;WWW.STANLEYBET.IT;E134224;CALCIO | SPAGNA - I DIVISIONE | Liga 2026/2027 | T/T | 2;1,703333;1,5;1,9;0,59126;54;54;93,25;503924,4;37447,79;0;0;0;0;54;0;0;54;0;0;0,0;503924,4;0,0;0,0;297950,26923;100784,88;0,0;100,0;100,0;0,82002;0,82002
STANLEYBET;WWW.STANLEYBET.IT;E134023;CALCIO | OLANDA - I DIVISIONE | Eredivisie 2026/27 | VINCENTE | PSV;1,674098;1,5;1,9;0,599982;61;61;161,95;494398,85;50000,0;0;0;0;0;61;0;0;61;0;0;0,0;494398,85;0,0;0,0;296630,372031;98879,77;0,0;100,0;100,0;0,804519;0,804519
STANLEYBET;WWW.STANLEYBET.IT;E132677;CALCIO | INGHILTERRA - I DIVISIONE | Premier League 26/27 | VINCENTE | Man City;3,692308;2,25;5,0;0,274791;65;65;389,8;435194,58;50000,0;0;0;0;0;65;0;0;65;0;0;0,0;435194,58;0,0;0,0;119587,562948;87038,916;0,0;100,0;100,0;0,708178;0,708178
STANLEYBET;WWW.STANLEYBET.IT;E132315;CALCIO | FRANCIA - I DIVISIONE | Ligue 1 2026/2027 | VINCENTE | PSG;1,149692;1,13;1,3;0,870502;65;65;690,4;430569,45;22858,32;0;0;0;0;65;0;0;65;0;0;0,0;430569,45;0,0;0,0;374811,450579;86113,89;0,0;100,0;100,0;0,700652;0,700652
STANLEYBET;WWW.STANLEYBET.IT;E132962;CALCIO | ITALIA - I DIVISIONE | Serie A 2026/27 | VINCENTE | Inter;1,894059;1,66;2,0;0,529043;101;101;685,55;427693,01;50000,0;0;0;0;0;101;0;0;101;0;0;0,0;427693,01;0,0;0,0;226268,098693;85538,602;0,0;100,0;100,0;0,695971;0,695971
STANLEYBET;WWW.STANLEYBET.IT;E131839;CALCIO | EUROPA - UEFA NATIONS LEAGUE | Germania - Grecia | 1X2 | 1;1,403526;1,36;1,43;0,712519;190;190;2467,95;359180,17;49531,3;0;0;1;1;118;70;190;0;1;1;0,0;249742,96;33,92;406,33;255922,723521;50006,185;0,0;62,105263;0,0;0,584482;0,584482
STANLEYBET;WWW.STANLEYBET.IT;E132404;CALCIO | GERMANIA - I DIVISIONE | Bundesliga 2026/2027 | VINCENTE | Bayern Monaco;1,141607;1,1;1,15;0,87608;56;56;587,6;355904,85;22917,95;0;0;0;0;56;0;0;56;0;0;0,0;355904,85;0,0;0,0;311801,107045;71180,97;0,0;100,0;100,0;0,579152;0,579152
STANLEYBET;WWW.STANLEYBET.IT;E132899;CALCIO | ITALIA - I DIVISIONE | Napoli - Frosinone | 1X2 | 1;1,440941;1,42;1,45;0,694004;85;85;354,3;344158,23;49858,98;0;0;0;0;48;37;85;0;1;1;0,0;228227,87;0,0;0,0;238847,18841;45645,574;0,0;56,470588;0,0;0,560037;0,560037
STANLEYBET;WWW.STANLEYBET.IT;E134106;CALCIO | PORTOGALLO - I DIVISIONE | Primera Liga 2026/27 | VINCENTE | Porto;2,678125;1,9;2,75;0,375741;32;32;190,9;334935,74;46753,46;0;0;0;0;32;0;0;32;0;0;0,0;334935,74;0,0;0,0;125849,222401;66987,148;0,0;100,0;100,0;0,54503;0,54503
STANLEYBET;WWW.STANLEYBET.IT;E134256;CALCIO | SPAGNA - I DIVISIONE | Real Madrid - Villarreal | 1X2 | 1;1,274746;1,24;1,3;0,78469;59;59;266,55;321498,25;47995,08;0;0;0;0;30;29;59;0;1;1;0,0;243497,77;0,0;0,0;252276,363149;48699,554;0,0;50,847458;0,0;0,523164;0,523164
STANLEYBET;WWW.STANLEYBET.IT;E132674;CALCIO | INGHILTERRA - I DIVISIONE | Premier League 26/27 | VINCENTE | Arsenal;2,234796;1,65;2,5;0,4562;98;98;526,15;321305,74;46753,46;0;0;0;0;98;0;0;98;0;0;0,0;321305,74;0,0;0,0;146579,751978;64261,148;0,0;100,0;100,0;0,52285;0,52285
STANLEYBET;WWW.STANLEYBET.IT;E132392;CALCIO | GERMANIA - I DIVISIONE | Borussia Dortmund - Werder Brema | 1X2 | 1;1,35;1,35;1,35;0,740741;56;56;265,2;318488,51;47995,08;0;0;0;0;28;28;56;0;1;1;0,0;211629,96;0,0;0,0;235917,414815;42325,992;0,0;50,0;0,0;0,518266;0,518266
STANLEYBET;WWW.STANLEYBET.IT;E132576;CALCIO | INGHILTERRA - I DIVISIONE | Arsenal - Leeds | 1X2 | 1;1,378939;1,35;1,4;0,725368;66;66;299,05;312150,99;47995,08;0;0;0;0;39;27;66;0;1;1;0,0;255651,34;0,0;0,0;226424,370744;51130,268;0,0;59,090909;0,0;0,507953;0,507953
STARCASINO;WWW.BETSSON.IT;E136354;CALCIO | EUROPA - UEFA NATIONS LEAGUE | Germania - Grecia | 1X2 | 1;1,407158;1,34;1,45;0,710779;278;278;4453,55;442043,24;49262,48;0;0;0;0;189;89;278;0;1;1;0,0;282713,51;0,0;0,0;314195,124863;56542,702;0,0;67,985612;0,0;0,910822;0,71792
STARCASINO;WWW.BETSSON.IT;E138101;CALCIO | ITALIA - I DIVISIONE | Inter - Parma | 1X2 | 1;1,154038;1,14;1,17;0,866584;104;104;1334,25;423254,15;49262,48;0;0;0;0;69;35;104;0;1;1;0,0;316849,76;0,0;0,0;366785,476937;63369,952;0,0;66,346154;0,0;0,872107;0,687405
STARCASINO;WWW.BETSSON.IT;E136241;CALCIO | EUROPA - UEFA NATIONS LEAGUE | Danimarca - Galles | 1X2 | 1;1,473795;1,4;1,66;0,678818;224;224;2839,45;402845,29;49863,01;0;0;0;0;149;75;224;0;1;1;0,0;234469,83;0,0;0,0;273458,688036;46893,966;0,0;66,517857;0,0;0,830055;0,654259
STARCASINO;WWW.BETSSON.IT;E136113;CALCIO | EUROPA - UEFA NATIONS LEAGUE | Austria - Kosovo | 1X2 | 1;1,529869;1,44;1,6;0,653801;229;229;1889,75;370320,32;47104,5;0;0;0;0;145;84;229;0;1;1;0,0;219804,03;0,0;0,0;242115,708158;43960,806;0,0;63,318777;0,0;0,763038;0,601435
STARCASINO;WWW.BETSSON.IT;E138163;CALCIO | ITALIA - I DIVISIONE | Lazio - Monza | 1X2 | 1;1,724742;1,7;1,75;0,579859;97;97;932,45;361197,38;49262,48;0;0;0;0;42;55;97;0;1;1;0,0;214659,16;0,0;0,0;209443,411257;42931,832;0,0;43,298969;0,0;0,74424;0,586619
STARCASINO;WWW.BETSSON.IT;E138355;CALCIO | ITALIA - I DIVISIONE | Serie A 2026/27 | VINCENTE | Inter;1,932778;1,65;2,0;0,518393;72;72;5706,0;337290,8;45377,48;0;0;0;0;72;0;0;72;0;0;0,0;337290,8;0,0;0,0;174849,353304;67458,16;0,0;100,0;100,0;0,694981;0,547792
STARCASINO;WWW.BETSSON.IT;E138334;CALCIO | ITALIA - I DIVISIONE | Serie A 2026/27 | T/T INFO1 - INFO2 | 1;1,7175;1,55;2,25;0,585064;88;88;3152,5;323629,59;28027,58;0;0;0;0;88;0;0;88;0;0;0,0;323629,59;0,0;0,0;189343,900807;64725,918;0,0;100,0;100,0;0,666833;0,525605
STARCASINO;WWW.BETSSON.IT;E138335;CALCIO | ITALIA - I DIVISIONE | Serie A 2026/27 | T/T INFO1 - INFO2 | 2;1,725368;1,5;2,2;0,586107;95;95;3556,15;297685,84;28027,58;0;0;0;0;95;0;0;95;0;0;0,0;297685,84;0,0;0,0;174475,74581;59537,168;0,0;100,0;100,0;0,613376;0,48347
STARCASINO;WWW.BETSSON.IT;E137934;CALCIO | ITALIA - I DIVISIONE | Atalanta - Venezia | 1X2 | 1;1,663908;1,64;1,71;0,601099;87;87;1500,3;297494,68;49262,48;0;0;0;0;51;36;87;0;1;1;0,0;234896,61;0,0;0,0;178823,686812;46979,322;0,0;58,62069;0,0;0,612982;0,483159
STARCASINO;WWW.BETSSON.IT;E137781;CALCIO | INGHILTERRA - I DIVISIONE | Premier League 26/27 | T/T INFO1 - INFO2 | 1;1,688714;1,5;2,25;0,598078;70;70;852,45;297360,68;28027,58;0;0;0;0;70;0;0;70;0;0;0,0;297360,68;0,0;0,0;177844,857027;59472,136;0,0;100,0;100,0;0,612706;0,482942
STARCASINO;WWW.BETSSON.IT;E137016;CALCIO | EUROPA - UEFA NATIONS LEAGUE | Serbia - Olanda | 1X2 | 2;1,41408;1,38;1,6;0,707674;201;201;1879,95;281666,62;49863,01;0;0;0;0;130;71;201;0;1;1;0,0;157236,96;0,0;0,0;199328,136922;31447,392;0,0;64,676617;0,0;0,580369;0,457453
STARCASINO;WWW.BETSSON.IT;E136793;CALCIO | EUROPA - UEFA NATIONS LEAGUE | Norvegia - Portogallo | 1X2 | 1;2,478;2,42;2,7;0,403654;60;60;807,1;266015,85;49072,06;0;0;0;0;22;38;60;0;1;1;0,0;123350,16;0,0;0,0;107378,415567;24670,032;0,0;36,666667;0,0;0,548121;0,432035
STARCASINO;WWW.BETSSON.IT;E138503;CALCIO | ITALIA - III DIVISIONE | Brescia - Dolomiti Bellunesi | 1X2 | 1;1,336887;1,28;1,34;0,748042;151;151;1182,65;240288,77;49863,01;0;0;0;0;123;28;151;0;1;1;0,0;144080,89;0,0;0,0;179745,988004;28816,178;0,0;81,456954;0,0;0,49511;0,390252
STARCASINO;WWW.BETSSON.IT;E137678;CALCIO | INGHILTERRA - I DIVISIONE | Arsenal - Leeds United | 1X2 | 1;1,416939;1,35;1,44;0,705989;49;49;1185,65;229603,19;49262,48;0;0;0;0;38;11;49;0;1;1;0,0;222716,82;0,0;0,0;162097,364686;44543,364;0,0;77,55102;0,0;0,473093;0,372897
STARCASINO;WWW.BETSSON.IT;E139453;CALCIO | OLANDA - I DIVISIONE | Eredivisie 2026/27 | VINCENTE | PSV;1,738485;1,53;1,9;0,577319;33;33;501,25;227422,73;45410,29;0;0;0;0;33;0;0;33;0;0;0,0;227422,73;0,0;0,0;131295,489345;45484,546;0,0;100,0;100,0;0,4686;0,369356
STARCASINO;WWW.BETSSON.IT;E137269;CALCIO | FRANCIA - I DIVISIONE | Ligue 1 2026/2027 | VINCENTE | PSG;1,162424;1,1;1,35;0,86264;33;33;1086,75;224901,94;45410,29;0;0;0;0;33;0;0;33;0;0;0,0;224901,94;0,0;0,0;194009,405731;44980,388;0,0;100,0;100,0;0,463406;0,365262
STARCASINO;WWW.BETSSON.IT;E137290;CALCIO | FRANCIA - I DIVISIONE | Monaco - Tolosa FC | 1X2 | 1;1,7085;1,69;1,76;0,585486;20;20;220,95;222918,37;49262,48;0;0;0;0;17;3;20;0;1;1;0,0;206534,75;0,0;0,0;130515,67485;41306,95;0,0;85,0;0,0;0,459319;0,36204
STARCASINO;WWW.BETSSON.IT;E137782;CALCIO | INGHILTERRA - I DIVISIONE | Premier League 26/27 | T/T INFO1 - INFO2 | 2;1,821111;1,5;2,2;0,557015;45;45;683,2;222808,94;28027,58;0;0;0;0;45;0;0;45;0;0;0,0;222808,94;0,0;0,0;124107,999062;44561,788;0,0;100,0;100,0;0,459094;0,361863
STARCASINO;WWW.BETSSON.IT;E137261;CALCIO | FRANCIA - I DIVISIONE | Ligue 1 2026/2027 | T/T INFO1 - INFO2 | 2;1,735625;1,55;2,1;0,579875;48;48;920,15;220722,32;28027,58;0;0;0;0;48;0;0;48;0;0;0,0;220722,32;0,0;0,0;127991,372208;44144,464;0,0;100,0;100,0;0,454794;0,358474
STARCASINO;WWW.BETSSON.IT;E137390;CALCIO | GERMANIA - I DIVISIONE | Bundesliga 2026/2027 | VINCENTE | Bayern Monaco;1,136897;1,1;1,15;0,879793;29;29;824,25;214249,95;45377,48;0;0;0;0;29;0;0;29;0;0;0,0;214249,95;0,0;0,0;188495,694062;42849,99;0,0;100,0;100,0;0,441458;0,347962
TOTOSI;WWW.TOTOSI.IT;E141841;CALCIO | SPAGNA - V DIVISIONE | AC Torrellano - UD Vall de Uxo | U/O | UNDER;1,5;1,5;1,5;0,666667;14;14;14,5;253127,66;33931,04;0;0;0;0;14;0;0;14;0;0;0,0;253127,66;0,0;0,0;168751,773333;50625,532;0,0;100,0;100,0;1,713852;1,713852
TOTOSI;WWW.TOTOSI.IT;E141848;CALCIO | SPAGNA - V DIVISIONE | CD Torrijos - CD Quintanar del Rey | U/O | UNDER;1,49;1,49;1,49;0,671141;13;13;13,0;252178,46;33931,04;0;0;0;0;13;0;0;13;0;0;0,0;252178,46;0,0;0,0;169247,288591;50435,692;0,0;100,0;100,0;1,707425;1,707425
TOTOSI;WWW.TOTOSI.IT;E141847;CALCIO | SPAGNA - V DIVISIONE | CD Santurtzi KE - CD Lagun Onak | U/O | UNDER;1,58;1,58;1,58;0,632911;13;13;13,0;252178,46;33931,04;0;0;0;0;13;0;0;13;0;0;0,0;252178,46;0,0;0,0;159606,620253;50435,692;0,0;100,0;100,0;1,707425;1,707425
TOTOSI;WWW.TOTOSI.IT;E141860;CALCIO | SPAGNA - V DIVISIONE | Jupiter Leones - Burgos CF Promesas | U/O | UNDER;1,6;1,6;1,6;0,625;13;13;13,0;252178,46;33931,04;0;0;0;0;13;0;0;13;0;0;0,0;252178,46;0,0;0,0;157611,5375;50435,692;0,0;100,0;100,0;1,707425;1,707425
TOTOSI;WWW.TOTOSI.IT;E141855;CALCIO | SPAGNA - V DIVISIONE | Cotillas CD - CA Pulpileno | U/O | UNDER;1,5;1,5;1,5;0,666667;11;11;11,0;210877,33;33931,04;0;0;0;0;11;0;0;11;0;0;0,0;210877,33;0,0;0,0;140584,886667;42175,466;0,0;100,0;100,0;1,427788;1,427788
TOTOSI;WWW.TOTOSI.IT;E141846;CALCIO | SPAGNA - V DIVISIONE | CD Illescas - Villarrubia CF | U/O | UNDER;1,55;1,55;1,55;0,645161;11;11;11,0;210877,33;33931,04;0;0;0;0;11;0;0;11;0;0;0,0;210877,33;0,0;0,0;136049,890323;42175,466;0,0;100,0;100,0;1,427788;1,427788
TOTOSI;WWW.TOTOSI.IT;E141869;CALCIO | SPAGNA - V DIVISIONE | SFC Minerva - Olimpico Totana | U/O | UNDER;1,55;1,55;1,55;0,645161;11;11;11,0;210877,33;33931,04;0;0;0;0;11;0;0;11;0;0;0,0;210877,33;0,0;0,0;136049,890323;42175,466;0,0;100,0;100,0;1,427788;1,427788
TOTOSI;WWW.TOTOSI.IT;E141862;CALCIO | SPAGNA - V DIVISIONE | Palencia CF - UD SANTA MARTA | U/O | UNDER;1,61;1,61;1,61;0,621118;11;11;11,0;210877,33;33931,04;0;0;0;0;11;0;0;11;0;0;0,0;210877,33;0,0;0,0;130979,708075;42175,466;0,0;100,0;100,0;1,427788;1,427788
TOTOSI;WWW.TOTOSI.IT;E141871;CALCIO | SPAGNA - V DIVISIONE | UCAM Murcia II - San Javier Mar Menor CF | U/O | UNDER;1,66;1,66;1,66;0,60241;11;11;11,0;210877,33;33931,04;0;0;0;0;11;0;0;11;0;0;0,0;210877,33;0,0;0,0;127034,536145;42175,466;0,0;100,0;100,0;1,427788;1,427788
TOTOSI;WWW.TOTOSI.IT;E141865;CALCIO | SPAGNA - V DIVISIONE | RC Portuense - Chiclana CF | U/O | UNDER;1,523333;1,51;1,55;0,65653;9;9;9,0;171296,76;33931,04;0;0;0;0;9;0;0;9;0;0;0,0;171296,76;0,0;0,0;112461,46948;34259,352;0,0;100,0;100,0;1,159799;1,159799
TOTOSI;WWW.TOTOSI.IT;E141870;CALCIO | SPAGNA - V DIVISIONE | Sevilla FC C - CD Egabrense | U/O | UNDER;1,82;1,82;1,82;0,549451;9;9;9,0;171296,76;33931,04;0;0;0;0;9;0;0;9;0;0;0,0;171296,76;0,0;0,0;94119,098901;34259,352;0,0;100,0;100,0;1,159799;1,159799
TOTOSI;WWW.TOTOSI.IT;E141864;CALCIO | SPAGNA - V DIVISIONE | Pontevedra CF B - CD Arenteiro | U/O | UNDER;1,32;1,32;1,32;0,757576;8;8;8,5;147452,12;33931,04;0;0;0;0;8;0;0;8;0;0;0,0;147452,12;0,0;0,0;111706,151515;29490,424;0,0;100,0;100,0;0,998354;0,998354
TOTOSI;WWW.TOTOSI.IT;E141351;CALCIO | INGHILTERRA - I DIVISIONE | Arsenal - Leeds United | 1X2 | 1;1,406667;1,37;1,43;0,711098;24;24;206,2;118477,33;34172,77;0;0;0;0;16;8;24;0;1;1;0,0;85873,91;0,0;0,0;84249,015031;17174,782;0,0;66,666667;0,0;0,802175;0,802175
TOTOSI;WWW.TOTOSI.IT;E141866;CALCIO | SPAGNA - V DIVISIONE | Rayo Vallecano B - CD Galapagar | U/O | UNDER;1,32;1,32;1,32;0,757576;6;6;6,0;117408,62;33931,04;0;0;0;0;6;0;0;6;0;0;0,0;117408,62;0,0;0,0;88945,924242;23481,724;0,0;100,0;100,0;0,794939;0,794939
TOTOSI;WWW.TOTOSI.IT;E141867;CALCIO | SPAGNA - V DIVISIONE | SC Torrevieja CF - CD Soneja | U/O | UNDER;1,48;1,48;1,48;0,675676;6;6;6,0;117408,62;33931,04;0;0;0;0;6;0;0;6;0;0;0,0;117408,62;0,0;0,0;79330,148649;23481,724;0,0;100,0;100,0;0,794939;0,794939
TOTOSI;WWW.TOTOSI.IT;E141859;CALCIO | SPAGNA - V DIVISIONE | FC LEscala - FC Martinenc | U/O | UNDER;1,264286;1,25;1,27;0,791001;7;7;7,5;113521,08;32102,12;0;0;0;0;7;0;0;7;0;0;0,0;113521,08;0,0;0,0;89795,301975;22704,216;0,0;100,0;100,0;0,768617;0,768617
TOTOSI;WWW.TOTOSI.IT;E141852;CALCIO | SPAGNA - V DIVISIONE | CE LHospitalet - Cerdanyola del Valles | U/O | UNDER;1,33;1,33;1,33;0,75188;7;7;7,5;113521,08;32102,12;0;0;0;0;7;0;0;7;0;0;0,0;113521,08;0,0;0,0;85354,195489;22704,216;0,0;100,0;100,0;0,768617;0,768617
TOTOSI;WWW.TOTOSI.IT;E141844;CALCIO | SPAGNA - V DIVISIONE | Aviles Stadium CF - Sporting Atletico | U/O | UNDER;1,303333;1,3;1,31;0,767273;6;6;6,0;112571,88;32102,12;0;0;0;0;6;0;0;6;0;0;0,0;112571,88;0,0;0,0;86373,413506;22514,376;0,0;100,0;100,0;0,762191;0,762191
TOTOSI;WWW.TOTOSI.IT;E141854;CALCIO | SPAGNA - V DIVISIONE | Comillas CF - CD Pradejon | U/O | UNDER;1,31;1,31;1,31;0,763359;6;6;6,0;112571,88;32102,12;0;0;0;0;6;0;0;6;0;0;0,0;112571,88;0,0;0,0;85932,732824;22514,376;0,0;100,0;100,0;0,762191;0,762191
TOTOSI;WWW.TOTOSI.IT;E141824;CALCIO | SPAGNA - IV DIVISIONE | CDA Navalcarnero - UB Conquense | U/O | UNDER;1,5;1,5;1,5;0,666667;6;6;6,5;112135,05;27516,4;0;0;0;0;6;0;0;6;0;0;0,0;112135,05;0,0;0,0;74756,7;22427,01;0,0;100,0;100,0;0,759233;0,759233
WILLIAMHILL;WWW.WILLIAMHILL.IT;E143145;CALCIO | EUROPA - UEFA NATIONS LEAGUE | Germania - Grecia | 1X2 | 1;1,410505;1,34;1,45;0,709068;317;317;4274,5;1540111,87;50000,0;0;0;0;0;217;100;317;0;1;1;0,0;1434855,79;0,0;0,0;1092044,317709;286971,158;0,0;68,454259;0,0;1,424279;1,424279
WILLIAMHILL;WWW.WILLIAMHILL.IT;E144378;CALCIO | ITALIA - I DIVISIONE | Cagliari Calcio - Juventus | 1X2 | 2;1,563814;1,56;1,57;0,639469;118;118;615,6;1415207,06;49516,8;0;0;0;0;75;43;118;0;1;1;0,0;1249125,41;0,0;0,0;904980,44591;249825,082;0,0;63,559322;0,0;1,308768;1,308768
WILLIAMHILL;WWW.WILLIAMHILL.IT;E143972;CALCIO | INGHILTERRA - I DIVISIONE | Arsenal - Leeds United | 1X2 | 1;1,377184;1,33;1,41;0,726354;103;103;861,7;1274042,77;49516,8;0;0;0;0;86;17;103;0;1;1;0,0;1173323,68;0,0;0,0;925406,045141;234664,736;0,0;83,495146;0,0;1,178221;1,178221
WILLIAMHILL;WWW.WILLIAMHILL.IT;E143637;CALCIO | FRANCIA - I DIVISIONE | Lille - Le Havre AC | 1X2 | 1;1,438043;1,41;1,45;0,695433;46;46;332,7;1256531,63;49699,64;0;0;0;0;40;6;46;0;1;1;0,0;1224791,53;0,0;0,0;873833,480577;244958,306;0,0;86,956522;0,0;1,162027;1,162027
WILLIAMHILL;WWW.WILLIAMHILL.IT;E143666;CALCIO | FRANCIA - I DIVISIONE | Stade Rennes FC - Auxerre | 1X2 | 1;1,41;1,41;1,41;0,70922;38;38;277,4;1163831,71;49699,64;0;0;0;0;36;2;38;0;1;1;0,0;1148489,08;0,0;0,0;825412,560284;229697,816;0,0;94,736842;0,0;1,076299;1,076299
WILLIAMHILL;WWW.WILLIAMHILL.IT;E142685;CALCIO | EUROPA - CHAMPIONS LEAGUE | Manchester City - Paris Saint-Germain | GG/NG | Goal;1,363684;1,35;1,38;0,733323;38;38;145,0;1122099,61;49237,53;0;0;0;0;38;0;0;38;0;0;0,0;1122099,61;0,0;0,0;822861,393449;224419,922;0,0;100,0;100,0;1,037706;1,037706
WILLIAMHILL;WWW.WILLIAMHILL.IT;E142579;CALCIO | EUROPA - CHAMPIONS LEAGUE | Atletico Madrid - Manchester United | GG/NG | Goal;1,397097;1,39;1,42;0,715799;31;31;89,0;1014158,69;49237,53;0;0;0;0;31;0;0;31;0;0;0,0;1014158,69;0,0;0,0;725933,391696;202831,738;0,0;100,0;100,0;0,937883;0,937883
WILLIAMHILL;WWW.WILLIAMHILL.IT;E142640;CALCIO | EUROPA - CHAMPIONS LEAGUE | Inter - Club Bruges | 1X2 | 1;1,283377;1,26;1,3;0,779269;77;77;1403,7;1013857,09;47943,35;0;0;0;0;62;15;77;0;1;1;0,0;969627,76;0,0;0,0;790067,466302;193925,552;0,0;80,519481;0,0;0,937604;0,937604
WILLIAMHILL;WWW.WILLIAMHILL.IT;E142591;CALCIO | EUROPA - CHAMPIONS LEAGUE | Bodo Glimt - Borussia Dortmund | GG/NG | Goal;1,354;1,35;1,38;0,738586;30;30;114,0;1011393,57;49237,53;0;0;0;0;30;0;0;30;0;0;0,0;1011393,57;0,0;0,0;747000,959447;202278,714;0,0;100,0;100,0;0,935326;0,935326
WILLIAMHILL;WWW.WILLIAMHILL.IT;E144022;CALCIO | INGHILTERRA - I DIVISIONE | Coventry City - Newcastle United | X2 | X2;1,315926;1,31;1,32;0,759932;27;27;128,0;1006265,17;49516,8;0;0;0;0;27;0;0;27;0;0;0,0;1006265,17;0,0;0,0;764692,905124;201253,034;0,0;100,0;100,0;0,930583;0,930583
WILLIAMHILL;WWW.WILLIAMHILL.IT;E142415;CALCIO | AUSTRIA - I DIVISIONE | LASK Linz - SK Rapid | GG/NG | Goal;1,429231;1,42;1,46;0,699773;26;26;29,0;992283,94;49699,64;0;0;0;0;26;0;0;26;0;0;0,0;992283,94;0,0;0,0;694373,436397;198456,788;0,0;100,0;100,0;0,917653;0,917653
WILLIAMHILL;WWW.WILLIAMHILL.IT;E145468;CALCIO | OLANDA - I DIVISIONE | Feyenoord - AZ Alkmaar | GG/NG | Goal;1,4228;1,38;1,43;0,702938;25;25;27,2;989961,12;49699,64;0;0;0;0;25;0;0;25;0;0;0,0;989961,12;0,0;0,0;695880,85294;197992,224;0,0;100,0;100,0;0,915505;0,915505
WILLIAMHILL;WWW.WILLIAMHILL.IT;E142411;CALCIO | AUSTRIA - I DIVISIONE | Grazer AK - Salisburgo | 1X2 | 2;1,4025;1,38;1,41;0,71305;24;24;27,0;932981,39;49699,64;0;0;0;0;24;0;24;0;1;1;0,0;932981,39;0,0;0,0;665262,088225;186596,278;0,0;100,0;0,0;0,862811;0,862811
WILLIAMHILL;WWW.WILLIAMHILL.IT;E143486;CALCIO | EUROPA - UEFA NATIONS LEAGUE | Serbia - Olanda | 1X2 | 2;1,412825;1,38;1,61;0,707973;177;177;1954,3;932148,51;50000,0;0;0;0;0;112;65;177;0;1;1;0,0;842416,37;0,0;0,0;659936,129688;168483,274;0,0;63,276836;0,0;0,862041;0,862041
WILLIAMHILL;WWW.WILLIAMHILL.IT;E142445;CALCIO | BELGIO - I DIVISIONE | RAAL La Louviere - Club Bruges | 1X2 | 2;1,340435;1,34;1,35;0,746028;23;23;30,8;924588,45;49699,64;0;0;0;0;23;0;23;0;1;1;0,0;924588,45;0,0;0,0;689769,161151;184917,69;0,0;100,0;0,0;0,855049;0,855049
WILLIAMHILL;WWW.WILLIAMHILL.IT;E142620;CALCIO | EUROPA - CHAMPIONS LEAGUE | Feyenoord - Como | GG/NG | Goal;1,404815;1,39;1,47;0,712048;27;27;67,0;914737,6;49259,23;0;0;0;0;27;0;0;27;0;0;0,0;914737,6;0,0;0,0;651337,316156;182947,52;0,0;100,0;100,0;0,845939;0,845939
WILLIAMHILL;WWW.WILLIAMHILL.IT;E142851;CALCIO | EUROPA - CONFERENCE LEAGUE | Heart of Midlothian FC - Nordsjaelland | GG/NG | Goal;1,45;1,45;1,45;0,689655;25;25;72,0;855999,29;49237,53;0;0;0;0;25;0;0;25;0;0;0,0;855999,29;0,0;0,0;590344,337931;171199,858;0,0;100,0;100,0;0,791619;0,791619
WILLIAMHILL;WWW.WILLIAMHILL.IT;E144607;CALCIO | ITALIA - I DIVISIONE | Napoli - Frosinone Calcio | 1X2 | 1;1,46528;1,42;1,48;0,682528;125;125;829,4;849976,48;48188,59;0;0;0;0;68;57;125;0;1;1;0,0;666910,89;0,0;0,0;580132,593243;133382,178;0,0;54,4;0,0;0,786049;0,786049
WILLIAMHILL;WWW.WILLIAMHILL.IT;E142794;CALCIO | EUROPA - CONFERENCE LEAGUE | Atalanta - Pafos | 1X2 | 1;1,337358;1,32;1,38;0,747849;53;53;689,25;837699,64;47384,45;0;0;0;0;38;15;53;0;1;1;0,0;817421,53;0,0;0,0;626472,672751;163484,306;0,0;71,698113;0,0;0,774696;0,774696
WILLIAMHILL;WWW.WILLIAMHILL.IT;E144069;CALCIO | INGHILTERRA - I DIVISIONE | Liverpool - Manchester City | X2 | X2;1,443478;1,37;1,48;0,693387;23;23;29,0;833103,18;49516,8;0;0;0;0;23;0;0;23;0;0;0,0;833103,18;0,0;0,0;577663,129193;166620,636;0,0;100,0;100,0;0,770445;0,770445
