concessionario;nome_commerciale;id_evento;evento_descrizione;quota_media;quota_min;quota_max;prob_implicita_media;num_ticket_coinvolti;num_righe_evento;importo_pagato_esposto;payout_potenziale_esposto;payout_potenziale_massimo_ticket;ticket_esclusi_montecarlo;ticket_incompatibili;ticket_correlati;ticket_misti;ticket_non_mappati;ticket_compatibili;righe_esito_mappato;righe_esito_non_mappato;num_famiglie_matrice;num_esiti_matrice;payout_incompatibile;payout_non_mappato;payout_misto;payout_correlato;impatto_atteso_stimato;impatto_compatibilita_stimato;pct_ticket_esclusi_montecarlo;pct_ticket_non_mappati;pct_righe_esito_non_mappato;peso_pct_su_nome_commerciale;peso_pct_su_concessionario
360BET;360BET.IT;E508;CALCIO | MONDO - MONDIALI | Haiti - Scozia | 1X2 | 2;1,495846;1,39;1,55;0,669125;65;65;276,5;223023,79;43796,46;0;0;0;0;37;28;65;0;1;1;0,0;117173,2;0,0;0,0;149230,727177;23434,64;0,0;56,923077;0,0;3,207062;3,207062
360BET;360BET.IT;E715;CALCIO | MONDO - MONDIALI | Qatar - Svizzera | 1X2 | 2;1,236094;1,21;1,31;0,809397;64;64;332,1;218199,74;43796,46;0;0;0;0;39;25;64;0;1;1;0,0;125301,67;0,0;0,0;176610,115322;25060,334;0,0;60,9375;0,0;3,137692;3,137692
360BET;360BET.IT;E542;CALCIO | MONDO - MONDIALI | Iraq - Norvegia | 1X2 | 2;1,223462;1,21;1,28;0,817517;52;52;254,5;209916,16;43796,46;0;0;0;0;33;19;52;0;1;1;0,0;123462,12;0,0;0,0;171610,042493;24692,424;0,0;63,461538;0,0;3,018575;3,018575
360BET;360BET.IT;E560;CALCIO | MONDO - MONDIALI | Messico - Sudafrica | 1X2 | 1;1,440833;1,4;1,55;0,694502;72;72;575,45;203730,44;43796,46;0;0;0;0;40;32;72;0;1;1;0,0;118690,67;0,0;0,0;141491,182644;23738,134;0,0;55,555556;0,0;2,929625;2,929625
360BET;360BET.IT;E399;CALCIO | MONDO - MONDIALI | Belgio - Egitto | 1X2 | 1;1,664138;1,56;1,68;0,60102;29;29;124,0;186228,12;43796,46;0;0;0;0;19;10;29;0;1;1;0,0;105400,33;0,0;0,0;111926,78297;21080,066;0,0;65,517241;0,0;2,677943;2,677943
360BET;360BET.IT;E419;CALCIO | MONDO - MONDIALI | Brasile - Marocco | 1X2 | 1;1,630444;1,59;1,65;0,6134;45;45;180,0;173241,94;43796,46;0;0;0;0;22;23;45;0;1;1;0,0;78844,27;0,0;0,0;106266,681186;15768,854;0,0;48,888889;0,0;2,491203;2,491203
360BET;360BET.IT;E384;CALCIO | MONDO - MONDIALI | Austria - Giordania | 1X2 | 1;1,330408;1,32;1,38;0,751746;49;49;227,1;162132,55;29264,23;0;0;0;0;31;18;49;0;1;1;0,0;119812,73;0,0;0,0;121882,571794;23962,546;0,0;63,265306;0,0;2,331451;2,331451
360BET;360BET.IT;E702;CALCIO | MONDO - MONDIALI | Portogallo - Repubblica Democratica del Congo | 1X2 | 1;1,276981;1,26;1,33;0,783221;53;53;280,1;161980,97;29264,23;0;0;0;0;33;20;53;0;1;1;0,0;121749,01;0,0;0,0;126866,818436;24349,802;0,0;62,264151;0,0;2,329272;2,329272
360BET;360BET.IT;E343;CALCIO | MONDO - MONDIALI | Arabia Saudita - Uruguay | 1X2 | 2;1,476486;1,43;1,57;0,67772;37;37;148,3;161162,55;43796,46;0;0;0;0;24;13;37;0;1;1;0,0;77714,52;0,0;0,0;109223,087007;15542,904;0,0;64,864865;0,0;2,317503;2,317503
360BET;360BET.IT;E369;CALCIO | MONDO - MONDIALI | Australia - Turchia | 1X2 | 2;1,777222;1,71;1,92;0,56334;36;36;391,8;160108,61;43796,46;0;0;0;0;18;18;36;0;1;1;0,0;80734,12;0,0;0,0;90195,546998;16146,824;0,0;50,0;0,0;2,302347;2,302347
360BET;360BET.IT;E356;CALCIO | MONDO - MONDIALI | Argentina - Algeria | 1X2 | 1;1,405556;1,39;1,43;0,711507;54;54;230,7;151010,86;29264,23;0;0;0;0;31;23;54;0;1;1;0,0;107198,04;0,0;0,0;107445,309486;21439,608;0,0;57,407407;0,0;2,171522;2,171522
360BET;360BET.IT;E476;CALCIO | MONDO - MONDIALI | Francia - Senegal | 1X2 | 1;1,457857;1,41;1,47;0,686015;42;42;245,4;146417,63;43796,46;0;0;0;0;24;18;42;0;1;1;0,0;61839,01;0,0;0,0;100444,621982;12367,802;0,0;57,142857;0,0;2,105472;2,105472
360BET;360BET.IT;E800;CALCIO | MONDO - MONDIALI | Uzbekistan - Colombia | 1X2 | 2;1,420323;1,41;1,45;0,704091;31;31;112,5;100706,74;29264,23;0;0;0;0;19;12;31;0;1;1;0,0;77265,07;0,0;0,0;70906,699808;15453,014;0,0;61,290323;0,0;1,448154;1,448154
360BET;360BET.IT;E754;CALCIO | MONDO - MONDIALI | Spagna - Capo Verde | 1X2 | 1;1,092051;1,08;1,1;0,91576;39;39;195,1;95170,75;43796,46;0;0;0;0;20;19;39;0;1;1;0,0;26251,17;0,0;0,0;87153,562951;5250,234;0,0;51,282051;0,0;1,368547;1,368547
360BET;360BET.IT;E437;CALCIO | MONDO - MONDIALI | Canada - Bosnia-Erzegovina | 1X2 | 1;1,828421;1,81;2,12;0,547599;19;19;80,55;93353,45;43796,46;0;0;0;0;7;12;19;0;1;1;0,0;21428,18;0,0;0,0;51120,218002;4285,636;0,0;36,842105;0,0;1,342414;1,342414
360BET;360BET.IT;E781;CALCIO | MONDO - MONDIALI | Svezia - Tunisia | 1X2 | 1;1,9475;1,91;1,98;0,513535;12;12;25,0;91473,43;43796,46;0;0;0;0;2;10;12;0;1;1;0,0;11609,85;0,0;0,0;46974,831237;2321,97;0,0;16,666667;0,0;1,31538;1,31538
360BET;360BET.IT;E523;CALCIO | MONDO - MONDIALI | Inghilterra - Croazia | 1X2 | 1;1,735;1,7;1,76;0,576441;24;24;80,5;80578,97;12921,64;0;0;0;0;12;12;24;0;1;1;0,0;54591,96;0,0;0,0;46449,053601;10918,392;0,0;50,0;0,0;1,158718;1,158718
360BET;360BET.IT;E759;CALCIO | MONDO - MONDIALI | Spagna - Capo Verde | U/O | OVER;1,390667;1,32;1,81;0,727193;15;15;89,0;79445,36;29264,23;0;0;0;0;15;0;0;15;0;0;0,0;79445,36;0,0;0,0;57772,076612;15889,072;0,0;100,0;100,0;1,142417;1,142417
360BET;360BET.IT;E685;CALCIO | MONDO - MONDIALI | Olanda - Giappone | 1X2 | 1;2,018485;2,01;2,04;0,495442;33;33;106,7;66361,44;10212,17;0;0;0;0;14;19;33;0;1;1;0,0;28462,02;0,0;0,0;32878,273274;5692,404;0,0;42,424242;0,0;0,954271;0,954271
360BET;360BET.IT;E688;CALCIO | MONDO - MONDIALI | Olanda - Giappone | DC 1X | 1X;1,291739;1,29;1,3;0,774157;23;23;137,4;59121,75;11698,45;0;0;0;0;23;0;0;23;0;0;0,0;59121,75;0,0;0,0;45769,501828;11824,35;0,0;100,0;100,0;0,850165;0,850165
ADMIRAL;WWW.ADMIRALBET.IT;E4979;CALCIO | MONDO - MONDIALI | Haiti - Scozia | ESITO FINALE 1X2 | 2;1,477594;1,38;1,53;0,677422;399;399;2698,65;1367503,93;49943,26;0;0;1;5;236;157;399;0;1;1;0,0;705406,67;5676,15;1302,92;926377,275404;144049,701;0,0;59,14787;0,0;1,567192;0,311713
ADMIRAL;WWW.ADMIRALBET.IT;E6005;CALCIO | MONDO - MONDIALI | Olanda - Giappone | ESITO FINALE 1X2 | 1;1,98634;1,98;2,05;0,503452;194;194;890,5;1294313,44;50000,0;0;0;0;0;89;105;194;0;1;1;0,0;702321,34;0,0;0,0;651624,256733;140464,268;0,0;45,876289;0,0;1,483314;0,295029
ADMIRAL;WWW.ADMIRALBET.IT;E6230;CALCIO | MONDO - MONDIALI | Qatar - Svizzera | ESITO FINALE 1X2 | 2;1,23129;1,2;1,3;0,812514;411;411;2825,9;1278246,17;49943,26;0;0;2;6;246;157;411;0;1;1;0,0;633838,47;6918,81;3107,24;1038592,727522;130537,823;0,0;59,854015;0,0;1,4649;0,291367
ADMIRAL;WWW.ADMIRALBET.IT;E4210;CALCIO | MONDO - MONDIALI | Belgio - Egitto | ESITO FINALE 1X2 | 1;1,640466;1,55;1,65;0,609719;236;236;718,9;1232136,64;50000,0;0;0;0;0;118;118;236;0;1;1;0,0;595100,72;0,0;0,0;751257,157543;119020,144;0,0;50,0;0,0;1,412058;0,280857
ADMIRAL;WWW.ADMIRALBET.IT;E3938;CALCIO | MONDO - MONDIALI | Argentina - Algeria | ESITO FINALE 1X2 | 1;1,387641;1,37;1,42;0,720705;373;373;2604,45;1224806,25;50000,0;0;0;2;2;227;142;373;0;1;1;0,0;738531,75;3554,73;3107,24;882723,915992;149794,439;0,0;60,857909;0,0;1,403657;0,279186
ADMIRAL;WWW.ADMIRALBET.IT;E5331;CALCIO | MONDO - MONDIALI | Messico - Sudafrica | ESITO FINALE 1X2 | 1;1,421741;1,38;1,53;0,703676;402;402;2675,35;1210947,28;50000,0;0;0;0;1;244;157;402;0;1;1;0,0;645957,96;1240,53;0,0;852114,867896;129811,857;0,0;60,696517;0,0;1,387774;0,276027
ADMIRAL;WWW.ADMIRALBET.IT;E4132;CALCIO | MONDO - MONDIALI | Austria - Giordania | ESITO FINALE 1X2 | 1;1,312783;1,3;1,35;0,761851;327;327;2014,1;1205785,45;50000,0;0;0;2;7;210;108;327;0;1;1;0,0;728261,18;10342,24;3107,24;918628,754875;151134,08;0,0;64,220183;0,0;1,381858;0,27485
ADMIRAL;WWW.ADMIRALBET.IT;E6129;CALCIO | MONDO - MONDIALI | Portogallo - Repubblica Democratica del Congo | ESITO FINALE 1X2 | 1;1,259169;1,25;1,32;0,794285;361;361;2645,0;1200326,13;50000,0;0;0;2;6;228;125;361;0;1;1;0,0;766899,08;9691,33;3107,24;953400,926169;158536,205;0,0;63,157895;0,0;1,375602;0,273606
ADMIRAL;WWW.ADMIRALBET.IT;E4046;CALCIO | MONDO - MONDIALI | Australia - Turchia | ESITO FINALE 1X2 | 2;1,755494;1,7;1,9;0,570081;253;253;2002,15;1170351,51;49943,26;0;0;0;2;130;121;253;0;1;1;0,0;581818,43;3552,6;0,0;667195,283376;118139,986;0,0;51,383399;0,0;1,34125;0,266773
ADMIRAL;WWW.ADMIRALBET.IT;E3864;CALCIO | MONDO - MONDIALI | Arabia Saudita - Uruguay | ESITO FINALE 1X2 | 2;1,46156;1,42;1,6;0,684742;282;282;1476,4;1144158,82;50000,0;0;0;2;3;157;120;282;0;1;1;0,0;574046,61;4203,51;3107,24;783453,071618;117221,801;0,0;55,673759;0,0;1,311233;0,260803
ADMIRAL;CASTELLETTO SOPRA TICINO SEMPIONE;E3864;CALCIO | MONDO - MONDIALI | Arabia Saudita - Uruguay | ESITO FINALE 1X2 | 2;1,483721;1,42;1,58;0,674743;43;43;150,55;1130565,91;50000,0;0;0;0;0;41;2;43;0;1;1;0,0;1082495,28;0,0;0,0;762841,993906;216499,056;0,0;95,348837;0,0;4,274655;0,257704
ADMIRAL;WWW.ADMIRALBET.IT;E6741;CALCIO | MONDO - MONDIALI | Svezia - Tunisia | ESITO FINALE 1X2 | 1;1,925873;1,88;1,95;0,519325;126;126;916,9;1093921,97;50000,0;0;0;0;1;56;69;126;0;1;1;0,0;609978,17;899,06;0,0;568100,66781;122445,164;0,0;44,444444;0,0;1,25366;0,249352
ADMIRAL;WWW.ADMIRALBET.IT;E4751;CALCIO | MONDO - MONDIALI | Francia - Senegal | ESITO FINALE 1X2 | 1;1,444591;1,42;1,45;0,69227;318;318;1996,8;1087340,4;49943,26;0;0;2;1;184;131;318;0;1;1;0,0;629945,75;1242,66;3107,24;752733,268393;126921,204;0,0;57,861635;0,0;1,246118;0,247851
ADMIRAL;CASTELLETTO SOPRA TICINO SEMPIONE;E4046;CALCIO | MONDO - MONDIALI | Australia - Turchia | ESITO FINALE 1X2 | 2;1,801282;1,7;1,9;0,555901;39;39;132,15;1053587,99;50000,0;0;0;0;0;36;3;39;0;1;1;0,0;1005354,97;0,0;0,0;585690,984336;201070,994;0,0;92,307692;0,0;3,983603;0,240158
ADMIRAL;CASTELLETTO SOPRA TICINO SEMPIONE;E6866;CALCIO | MONDO - MONDIALI | Uzbekistan - Colombia | ESITO FINALE 1X2 | 2;1,401026;1,4;1,42;0,71377;39;39;139,65;1049337,04;50000,0;0;0;0;0;38;1;39;0;1;1;0,0;1048748,37;0,0;0,0;748985,087365;209749,674;0,0;97,435897;0,0;3,96753;0,239189
ADMIRAL;WWW.ADMIRALBET.IT;E4339;CALCIO | MONDO - MONDIALI | Brasile - Marocco | ESITO FINALE 1X2 | 1;1,610417;1,57;1,63;0,621029;336;336;1812,45;1032116,82;48355,54;0;0;1;2;181;152;336;0;1;1;0,0;416835,08;3554,73;1302,92;640974,553609;85274,673;0,0;53,869048;0,0;1,18283;0,235263
ADMIRAL;CASTELLETTO SOPRA TICINO SEMPIONE;E6632;CALCIO | MONDO - MONDIALI | Stati Uniti - Paraguay | ESITO FINALE 1X2 | 1;1,969394;1,92;2,0;0,507822;33;33;109,95;1015178,85;50000,0;0;0;0;0;30;3;33;0;1;1;0,0;967094,67;0,0;0,0;515530,41084;193418,934;0,0;90,909091;0,0;3,838378;0,231403
ADMIRAL;WWW.ADMIRALBET.IT;E6866;CALCIO | MONDO - MONDIALI | Uzbekistan - Colombia | ESITO FINALE 1X2 | 2;1,400924;1,38;1,43;0,713834;238;238;1322,2;903264,4;47273,87;0;0;2;6;152;78;238;0;1;1;0,0;480149,51;9443,18;3107,24;644780,614014;101062,216;0,0;63,865546;0,0;1,035162;0,205893
ADMIRAL;CASTELLETTO SOPRA TICINO SEMPIONE;E6230;CALCIO | MONDO - MONDIALI | Qatar - Svizzera | ESITO FINALE 1X2 | 2;1,238974;1,2;1,3;0,807709;39;39;134,4;896484,05;50000,0;0;0;0;0;36;3;39;0;1;1;0,0;830659,66;0,0;0,0;724097,985642;166131,932;0,0;92,307692;0,0;3,389595;0,204347
ADMIRAL;WWW.ADMIRALBET.IT;E6632;CALCIO | MONDO - MONDIALI | Stati Uniti - Paraguay | ESITO FINALE 1X2 | 1;1,969409;1,93;2,0;0,507802;186;186;892,1;877399,76;49943,26;0;0;0;0;81;105;186;0;1;1;0,0;413563,91;0,0;0,0;445545,389207;82712,782;0,0;43,548387;0,0;1,005521;0,199997
BBET;WWW.BBET.EU;E11547;CALCIO | MONDO - MONDIALI | Argentina - Algeria | 1X2 | 1;1,404593;1,37;1,43;0,711994;307;307;1729,55;1846964,33;50000,0;0;0;0;0;218;89;307;0;1;1;0,0;1562935,55;0,0;0,0;1315027,005019;312587,11;0,0;71,009772;0,0;1,985193;0,896447
BBET;WWW.BBET.EU;E12485;CALCIO | MONDO - MONDIALI | Messico - Sudafrica | 1X2 | 1;1,439649;1,4;1,56;0,694986;313;313;1340,25;1722084,11;50000,0;0;0;0;0;222;91;313;0;1;1;0,0;1323857,16;0,0;0,0;1196824,758776;264771,432;0,0;70,926518;0,0;1,850967;0,835835
BBET;WWW.BBET.EU;E11673;CALCIO | MONDO - MONDIALI | Austria - Giordania | 1X2 | 1;1,329653;1,32;1,38;0,752173;259;259;1285,75;1663367,68;50000,0;0;0;0;0;183;76;259;0;1;1;0,0;1352334,92;0,0;0,0;1251139,791071;270466,984;0,0;70,656371;0,0;1,787856;0,807336
BBET;WWW.BBET.EU;E12256;CALCIO | MONDO - MONDIALI | Haiti - Scozia | 1X2 | 2;1,49423;1,4;1,55;0,669807;305;305;1517,75;1650224,0;50000,0;0;0;0;0;200;105;305;0;1;1;0,0;1223316,36;0,0;0,0;1105332,383604;244663,272;0,0;65,57377;0,0;1,773729;0,800957
BBET;WWW.BBET.EU;E13180;CALCIO | MONDO - MONDIALI | Qatar - Svizzera | 1X2 | 2;1,239815;1,21;1,36;0,807049;325;325;1909,4;1650076,36;50000,0;0;0;0;0;233;92;325;0;1;1;0,0;1286179,05;0,0;0,0;1331692,40407;257235,81;0,0;71,692308;0,0;1,77357;0,800885
BBET;WWW.BBET.EU;E11824;CALCIO | MONDO - MONDIALI | Brasile - Marocco | 1X2 | 1;1,628846;1,53;1,65;0,614025;286;286;1388,0;1582668,25;50000,0;0;0;0;0;195;91;286;0;1;1;0,0;1195600,41;0,0;0,0;971798,47334;239120,082;0,0;68,181818;0,0;1,701117;0,768168
BBET;WWW.BBET.EU;E12091;CALCIO | MONDO - MONDIALI | Francia - Senegal | 1X2 | 1;1,46101;1,43;1,47;0,684489;307;307;1744,8;1581471,16;50000,0;0;0;0;0;211;96;307;0;1;1;0,0;1245657,25;0,0;0,0;1082499,139998;249131,45;0,0;68,729642;0,0;1,69983;0,767587
BBET;WWW.BBET.EU;E13123;CALCIO | MONDO - MONDIALI | Portogallo - Repubblica Democratica del Congo | 1X2 | 1;1,272598;1,26;1,31;0,785842;281;281;1659,65;1508444,08;50000,0;0;0;0;0;199;82;281;0;1;1;0,0;1192061,69;0,0;0,0;1185398,395569;238412,338;0,0;70,818505;0,0;1,621338;0,732142
BBET;WWW.BBET.EU;E11503;CALCIO | MONDO - MONDIALI | Arabia Saudita - Uruguay | 1X2 | 2;1,474074;1,43;1,62;0,678861;189;189;787,2;1415850,31;50000,0;0;0;0;0;120;69;189;0;1;1;0,0;1125452,05;0,0;0,0;961166,195661;225090,41;0,0;63,492063;0,0;1,521814;0,6872
BBET;WWW.BBET.EU;E11732;CALCIO | MONDO - MONDIALI | Belgio - Egitto | 1X2 | 1;1,664567;1,56;1,68;0,600848;208;208;989,0;1408263,42;50000,0;0;0;0;0;130;78;208;0;1;1;0,0;1063917,78;0,0;0,0;846151,969426;212783,556;0,0;62,5;0,0;1,513659;0,683518
BBET;WWW.BBET.EU;E13636;CALCIO | MONDO - MONDIALI | Uzbekistan - Colombia | 1X2 | 2;1,418554;1,4;1,45;0,704966;166;166;669,3;1408108,34;50000,0;0;0;0;0;122;44;166;0;1;1;0,0;1224566,1;0,0;0,0;992668,9794;244913,22;0,0;73,493976;0,0;1,513493;0,683443
BBET;WWW.BBET.EU;E11611;CALCIO | MONDO - MONDIALI | Australia - Turchia | 1X2 | 2;1,773402;1,71;1,84;0,564392;194;194;904,25;1235849,94;50000,0;0;0;0;0;119;75;194;0;1;1;0,0;939118,3;0,0;0,0;697503,845052;187823,66;0,0;61,340206;0,0;1,328342;0,599835
BBET;WWW.BBET.EU;E12407;CALCIO | MONDO - MONDIALI | Iraq - Norvegia | 1X2 | 2;1,219673;1,21;1,27;0,819978;245;245;1462,3;1227515,36;50000,0;0;0;0;0;171;74;245;0;1;1;0,0;987057,72;0,0;0,0;1006535,851384;197411,544;0,0;69,795918;0,0;1,319384;0,59579
BBET;WWW.TOPBET24.IT;E13123;CALCIO | MONDO - MONDIALI | Portogallo - Repubblica Democratica del Congo | 1X2 | 1;1,266824;1,26;1,32;0,789426;233;233;1983,6;1130348,11;50000,0;0;0;0;0;198;35;233;0;1;1;0,0;993950,43;0,0;0,0;892325,648266;198790,086;0,0;84,978541;0,0;2,710884;0,548628
BBET;WWW.TOPBET24.IT;E13180;CALCIO | MONDO - MONDIALI | Qatar - Svizzera | 1X2 | 2;1,238819;1,21;1,32;0,807412;237;237;1351,55;1057109,01;50000,0;0;0;0;0;207;30;237;0;1;1;0,0;964726,92;0,0;0,0;853522,503101;192945,384;0,0;87,341772;0,0;2,535237;0,513081
BBET;WWW.TOPBET24.IT;E11547;CALCIO | MONDO - MONDIALI | Argentina - Algeria | 1X2 | 1;1,403544;1,39;1,43;0,712514;206;206;1352,4;1043508,21;50000,0;0;0;0;0;169;37;206;0;1;1;0,0;899821,31;0,0;0,0;743514,414805;179964,262;0,0;82,038835;0,0;2,502618;0,50648
BBET;WWW.TOPBET24.IT;E12091;CALCIO | MONDO - MONDIALI | Francia - Senegal | 1X2 | 1;1,456823;1,45;1,47;0,686445;192;192;1295,25;1022381,61;50000,0;0;0;0;0;157;35;192;0;1;1;0,0;879698,87;0,0;0,0;701809,060306;175939,774;0,0;81,770833;0,0;2,451951;0,496226
BBET;WWW.BBET.EU;E13519;CALCIO | MONDO - MONDIALI | Svezia - Tunisia | 1X2 | 1;1,950957;1,91;1,98;0,512666;115;115;436,75;1018947,53;49976,78;0;0;0;0;63;52;115;0;1;1;0,0;757986,38;0,0;0,0;522380,065756;151597,276;0,0;54,782609;0,0;1,095207;0,494559
BBET;WWW.TOPBET24.IT;E12485;CALCIO | MONDO - MONDIALI | Messico - Sudafrica | 1X2 | 1;1,435297;1,4;1,52;0,696916;185;185;1083,85;954907,49;50000,0;0;0;0;0;148;37;185;0;1;1;0,0;822531,18;0,0;0,0;665490,097066;164506,236;0,0;80,0;0,0;2,29013;0,463476
BBET;WWW.BBET.EU;E13029;CALCIO | MONDO - MONDIALI | Olanda - Giappone | 1X2 | 1;2,017517;1,91;2,04;0,495697;149;149;496,5;951512,04;49976,78;0;0;0;0;74;75;149;0;1;1;0,0;635644,56;0,0;0,0;471661,401982;127128,912;0,0;49,66443;0,0;1,022724;0,461828
DOMUSBET;WWW.DOMUSBET.IT;E18483;CALCIO | MONDO - MONDIALI | Haiti - Scozia | 1X2 | 2;1,490033;1,37;1,54;0,671623;1226;1226;11063,15;3934599,34;49986,08;0;0;0;0;793;433;1226;0;1;1;0,0;2048641,15;0,0;0,0;2642567,325148;409728,23;0,0;64,681892;0,0;1,241488;1,241488
DOMUSBET;WWW.DOMUSBET.IT;E19902;CALCIO | MONDO - MONDIALI | Portogallo - Repubblica Democratica del Congo | 1X2 | 1;1,254804;1,25;1,31;0,796967;841;841;10923,55;3677466,36;50000,0;0;0;0;1;405;435;841;0;1;1;0,0;1720208,09;43339,6;0,0;2930820,101396;365711,418;0,0;48,156956;0,0;1,160355;1,160355
DOMUSBET;WWW.DOMUSBET.IT;E18872;CALCIO | MONDO - MONDIALI | Messico - Sudafrica | 1X2 | 1;1,426773;1,4;1,54;0,701081;818;818;6192,45;3651288,84;49986,08;0;0;0;0;378;440;818;0;1;1;0,0;1636853,85;0,0;0,0;2559850,19007;327370,77;0,0;46,210269;0,0;1,152095;1,152095
DOMUSBET;WWW.DOMUSBET.IT;E20003;CALCIO | MONDO - MONDIALI | Qatar - Svizzera | 1X2 | 2;1,228802;1,21;1,3;0,814057;1027;1027;12397,75;3588619,82;49986,08;0;0;0;0;550;477;1027;0;1;1;0,0;1588246,12;0,0;0,0;2921339,815542;317649,224;0,0;53,554041;0,0;1,132321;1,132321
DOMUSBET;WWW.DOMUSBET.IT;E17202;CALCIO | MONDO - MONDIALI | Argentina - Algeria | 1X2 | 1;1,384814;1,38;1,41;0,722146;1047;1047;9767,2;3428585,86;49704,15;0;0;0;1;592;454;1047;0;1;1;0,0;1406116,4;43339,6;0,0;2475940,569301;302893,08;0,0;56,542502;0,0;1,081825;1,081825
DOMUSBET;WWW.DOMUSBET.IT;E17386;CALCIO | MONDO - MONDIALI | Austria - Giordania | 1X2 | 1;1,306991;1,3;1,36;0,765183;924;924;6662,95;3399568,39;50000,0;0;0;0;1;555;368;924;0;1;1;0,0;1718626,53;43339,6;0,0;2601290,989662;365395,106;0,0;60,064935;0,0;1,072669;1,072669
DOMUSBET;WWW.DOMUSBET.IT;E18163;CALCIO | MONDO - MONDIALI | Francia - Senegal | 1X2 | 1;1,444016;1,41;1,46;0,692536;747;747;7949,2;3239450,41;49945,63;0;0;0;1;321;425;747;0;1;1;0,0;1134217,86;43339,6;0,0;2243437,196129;248513,372;0,0;42,971888;0,0;1,022147;1,022147
DOMUSBET;WWW.DOMUSBET.IT;E17486;CALCIO | MONDO - MONDIALI | Belgio - Egitto | 1X2 | 1;1,649942;1,54;1,66;0,606119;517;517;4317,6;3226468,11;50000,0;0;0;0;0;220;297;517;0;1;1;0,0;1608707,68;0,0;0,0;1955624,886238;321741,536;0,0;42,553191;0,0;1,018051;1,018051
DOMUSBET;WWW.DOMUSBET.IT;E17126;CALCIO | MONDO - MONDIALI | Arabia Saudita - Uruguay | 1X2 | 2;1,450723;1,42;1,6;0,689591;636;636;5306,75;2910955,24;50000,0;0;0;0;0;360;276;636;0;1;1;0,0;1464912,31;0,0;0,0;2007368,523594;292982,462;0,0;56,603774;0,0;0,918497;0,918497
DOMUSBET;WWW.DOMUSBET.IT;E18736;CALCIO | MONDO - MONDIALI | Iraq - Norvegia | 1X2 | 2;1,203338;1,19;1,27;0,831157;716;716;7289,15;2773984,87;50000,0;0;0;0;1;382;333;716;0;1;1;0,0;1350284,02;43339,6;0,0;2305615,601895;291726,604;0,0;53,351955;0,0;0,875278;0,875278
DOMUSBET;WWW.DOMUSBET.IT;E17657;CALCIO | MONDO - MONDIALI | Brasile - Marocco | 1X2 | 1;1,609131;1,52;1,63;0,621533;702;702;6535,7;2583467,2;49615,55;0;0;0;0;282;420;702;0;1;1;0,0;847512,62;0,0;0,0;1605709,394407;169502,524;0,0;40,17094;0,0;0,815164;0,815164
DOMUSBET;WWW.DOMUSBET.IT;E20817;CALCIO | MONDO - MONDIALI | Uzbekistan - Colombia | 1X2 | 2;1,400787;1,39;1,44;0,713903;483;483;3430,55;2582645,49;49986,08;0;0;0;0;256;227;483;0;1;1;0,0;1174271,41;0,0;0,0;1843758,608411;234854,282;0,0;53,00207;0,0;0,814905;0,814905
DOMUSBET;WWW.DOMUSBET.IT;E17301;CALCIO | MONDO - MONDIALI | Australia - Turchia | 1X2 | 2;1,759981;1,7;1,89;0,568601;514;514;3119,35;2341786,86;49615,55;0;0;0;0;235;279;514;0;1;1;0,0;1034846,94;0,0;0,0;1331543,154071;206969,388;0,0;45,719844;0,0;0,738906;0,738906
DOMUSBET;WWW.DOMUSBET.IT;E20363;CALCIO | MONDO - MONDIALI | Spagna - Capo Verde | 1X2 | 1;1,086334;1,07;1,09;0,920556;461;461;4594,8;2098217,21;49986,08;0;0;0;0;189;272;461;0;1;1;0,0;806931,92;0,0;0,0;1931527,146079;161386,384;0,0;40,997831;0,0;0,662053;0,662053
DOMUSBET;WWW.DOMUSBET.IT;E19966;CALCIO | MONDO - MONDIALI | Portogallo - Uzbekistan | 1X2 | 1;1,248;1,24;1,25;0,80129;235;235;2660,15;1947666,67;50000,0;0;0;0;0;87;148;235;0;1;1;0,0;963179,14;0,0;0,0;1560646,454284;192635,828;0,0;37,021277;0,0;0,614549;0,614549
DOMUSBET;WWW.DOMUSBET.IT;E19720;CALCIO | MONDO - MONDIALI | Olanda - Giappone | 1X2 | 1;1,99375;1,93;2,01;0,501588;376;376;1948,6;1762272,09;49615,55;0;0;0;0;129;247;376;0;1;1;0,0;644218,86;0,0;0,0;883934,629003;128843,772;0,0;34,308511;0,0;0,556051;0,556051
DOMUSBET;WWW.DOMUSBET.IT;E17573;CALCIO | MONDO - MONDIALI | Belgio - Iran | 1X2 | 1;1,4;1,4;1,4;0,714286;154;154;1575,85;1729334,46;49986,08;0;0;0;0;50;104;154;0;1;1;0,0;735568,07;0,0;0,0;1235238,9;147113,614;0,0;32,467532;0,0;0,545659;0,545659
DOMUSBET;WWW.DOMUSBET.IT;E19283;CALCIO | MONDO - MONDIALI | Mondiale 2026 Gruppo H | PRIME DUE IN ORDINE | 1 SPAGNA - 2 URUGUAY;1,696791;1,6;1,7;0,589415;187;187;1031,8;1707776,53;50000,0;0;0;0;0;187;0;0;187;0;0;0,0;1707776,53;0,0;0,0;1006588,950326;341555,306;0,0;100,0;100,0;0,538856;0,538856
DOMUSBET;WWW.DOMUSBET.IT;E20583;CALCIO | MONDO - MONDIALI | Svezia - Tunisia | 1X2 | 1;1,925392;1,9;1,95;0,519433;217;217;1326,95;1657298,04;49615,55;0;0;0;0;82;135;217;0;1;1;0,0;615837,91;0,0;0,0;860854,779103;123167,582;0,0;37,788018;0,0;0,522929;0,522929
DOMUSBET;WWW.DOMUSBET.IT;E20485;CALCIO | MONDO - MONDIALI | Stati Uniti - Paraguay | 1X2 | 1;1,981042;1,91;2,02;0,504839;355;355;2078,2;1619090,58;49615,55;0;0;0;0;145;210;355;0;1;1;0,0;618460,38;0,0;0,0;817380,636716;123692,076;0,0;40,84507;0,0;0,510873;0,510873
MARATHON;WWW.MARATHONBET_PVR.IT;E24033;CALCIO | MONDO - MONDIALI | Argentina - Algeria | 1X2 | 1;1,400336;1,39;1,41;0,714144;446;446;2165,15;2183272,12;50000,0;0;0;0;2;353;91;446;0;1;1;0,0;1838663,12;763,11;0,0;1559170,906973;368114,179;0,0;79,147982;0,0;2,210643;1,939762
MARATHON;WWW.MARATHONBET_PVR.IT;E24129;CALCIO | MONDO - MONDIALI | Austria - Giordania | 1X2 | 1;1,317146;1,31;1,36;0,759292;403;403;2024,65;2080415,19;50000,0;0;0;0;1;329;73;403;0;1;1;0,0;1845751,97;93,78;0,0;1579641,750067;369197,284;0,0;81,637717;0,0;2,106497;1,848378
MARATHON;WWW.MARATHONBET_PVR.IT;E25291;CALCIO | MONDO - MONDIALI | Portogallo - Repubblica Democratica del Congo | 1X2 | 1;1,27492;1,26;1,32;0,78448;435;435;2380,55;1979744,45;50000,0;0;0;0;1;365;69;435;0;1;1;0,0;1748671,37;669,33;0,0;1553070,408377;350068,939;0,0;83,908046;0,0;2,004564;1,758935
MARATHON;WWW.MARATHONBET_PVR.IT;E24466;CALCIO | MONDO - MONDIALI | Francia - Senegal | 1X2 | 1;1,459125;1,41;1,47;0,685407;377;377;2073,6;1976740,3;50000,0;0;0;0;1;290;86;377;0;1;1;0,0;1689019,4;669,33;0,0;1354870,652919;338138,545;0,0;76,923077;0,0;2,001522;1,756266
MARATHON;WWW.MARATHONBET_PVR.IT;E25345;CALCIO | MONDO - MONDIALI | Qatar - Svizzera | 1X2 | 2;1,239307;1,22;1,3;0,807195;505;505;3963,0;1969226,59;50000,0;0;0;0;1;394;110;505;0;1;1;0,0;1700159,69;93,78;0,0;1589550,735448;340078,828;0,0;78,019802;0,0;1,993914;1,74959
MARATHON;WWW.MARATHONBET_PVR.IT;E24595;CALCIO | MONDO - MONDIALI | Haiti - Scozia | 1X2 | 2;1,491454;1,37;1,54;0,671057;399;399;1701,15;1913765,92;50000,0;0;0;0;2;303;94;399;0;1;1;0,0;1581666,11;21967,78;0,0;1284246,217748;327317,112;0,0;75,93985;0,0;1,937758;1,700315
MARATHON;WWW.MARATHONBET_PVR.IT;E23995;CALCIO | MONDO - MONDIALI | Arabia Saudita - Uruguay | 1X2 | 2;1,463927;1,42;1,6;0,683598;247;247;913,25;1783541,5;50000,0;0;0;0;1;178;68;247;0;1;1;0,0;1488328,0;669,33;0,0;1219226,121361;298000,265;0,0;72,064777;0,0;1,805901;1,584615
MARATHON;WWW.MARATHONBET_PVR.IT;E24180;CALCIO | MONDO - MONDIALI | Belgio - Egitto | 1X2 | 1;1,659262;1,54;1,68;0,602744;325;325;1815,5;1774468,8;50000,0;0;0;0;1;194;130;325;0;1;1;0,0;1467427,22;669,33;0,0;1069549,618436;293820,109;0,0;59,692308;0,0;1,796715;1,576555
MARATHON;WWW.MARATHONBET_PVR.IT;E24257;CALCIO | MONDO - MONDIALI | Brasile - Marocco | 1X2 | 1;1,627353;1,57;1,66;0,614644;442;442;2295,6;1745849,43;50000,0;0;0;0;1;311;130;442;0;1;1;0,0;1406254,78;669,33;0,0;1073076,136703;281585,621;0,0;70,361991;0,0;1,767736;1,551127
MARATHON;WWW.MARATHONBET_PVR.IT;E24707;CALCIO | MONDO - MONDIALI | Iraq - Norvegia | 1X2 | 2;1,211386;1,2;1,3;0,825629;368;368;1875,0;1667314,79;50000,0;0;0;0;1;314;53;368;0;1;1;0,0;1462237,05;93,78;0,0;1376583,320023;292494,3;0,0;85,326087;0,0;1,688217;1,481352
MARATHON;WWW.MARATHONBET_PVR.IT;E24771;CALCIO | MONDO - MONDIALI | Messico - Sudafrica | 1X2 | 1;1,429518;1,4;1,52;0,699762;436;436;3640,65;1550217,08;49567,39;0;0;1;3;315;117;436;0;1;1;0,0;1360763,28;22637,11;14,43;1084783,639696;283472,654;0,0;72,247706;0,0;1,569652;1,377315
MARATHON;WWW.MARATHONBET_PVR.IT;E25693;CALCIO | MONDO - MONDIALI | Uzbekistan - Colombia | 1X2 | 2;1,409609;1,39;1,44;0,709445;230;230;929,95;1496366,6;50000,0;0;0;0;0;180;50;230;0;1;1;0,0;1283854,58;0,0;0,0;1061589,816177;256770,916;0,0;78,26087;0,0;1,515126;1,32947
MARATHON;WWW.MARATHONBET_PVR.IT;E24084;CALCIO | MONDO - MONDIALI | Australia - Turchia | 1X2 | 2;1,775321;1,7;1,89;0,563537;327;327;2135,6;1430770,68;50000,0;0;0;0;2;182;143;327;0;1;1;0,0;1122910,74;22543,33;0,0;806292,220144;235853,813;0,0;55,657492;0,0;1,448708;1,271191
MARATHON;WWW.MARATHONBET_PVR.IT;E24643;CALCIO | MONDO - MONDIALI | Inghilterra - Croazia | 1X2 | 1;1,732585;1,68;1,75;0,577218;205;205;1117,0;1190961,15;50000,0;0;0;0;1;126;78;205;0;1;1;0,0;966185,67;669,33;0,0;687444,621141;193571,799;0,0;61,463415;0,0;1,205892;1,058128
MARATHON;WWW.MARATHONBET_PVR.IT;E25499;CALCIO | MONDO - MONDIALI | Spagna - Capo Verde | 1X2 | 1;1,089702;1,07;1,1;0,917738;235;235;1600,4;1034625,57;46165,65;0;0;0;1;185;49;235;0;1;1;0,0;828257,54;93,78;0,0;949515,516533;165698,398;0,0;78,723404;0,0;1,047596;0,919229
MARATHON;WWW.MARATHONBET_PVR.IT;E25548;CALCIO | MONDO - MONDIALI | Stati Uniti - Paraguay | 1X2 | 1;1,998292;1,94;2,04;0,500475;240;240;1382,25;813914,02;49567,39;0;0;0;0;146;94;240;0;1;1;0,0;579519,35;0,0;0,0;407343,508313;115903,87;0,0;60,833333;0,0;0,824118;0,723135
MARATHON;WWW.MARATHONBET_PVR.IT;E25224;CALCIO | MONDO - MONDIALI | Olanda - Giappone | 1X2 | 1;2,010822;1,99;2,04;0,497337;219;219;1211,65;759448,88;47481,2;0;0;0;0;129;90;219;0;1;1;0,0;533815,44;0,0;0,0;377701,734625;106763,088;0,0;58,90411;0,0;0,76897;0,674744
MARATHON;WWW.MARATHONBET_PVR.IT;E24355;CALCIO | MONDO - MONDIALI | Canada - Bosnia-Erzegovina | U/O | OVER;1,495802;1,06;3,65;0,699545;81;81;386,25;684212,33;47481,2;0;0;0;0;81;0;0;81;0;0;0,0;684212,33;0,0;0,0;478637,348316;136842,466;0,0;100,0;100,0;0,69279;0,607899
MARATHON;WWW.MARATHONBET_PVR.IT;E24321;CALCIO | MONDO - MONDIALI | Canada - Bosnia-Erzegovina | 1X2 | 1;1,815347;1,8;2,04;0,55094;245;245;2205,65;674544,19;49567,39;0;0;0;0;145;100;245;0;1;1;0,0;468286,37;0,0;0,0;371633,092363;93657,274;0,0;59,183673;0,0;0,683001;0,599309
MARATHON;WWW.MARATHONBET_PVR.IT;E25602;CALCIO | MONDO - MONDIALI | Svezia - Tunisia | 1X2 | 1;1,942066;1,91;1,98;0,514999;121;121;564,2;655151,18;49275,15;0;0;0;1;66;54;121;0;1;1;0,0;429720,45;21874,0;0,0;337402,038069;96881,09;0,0;54,545455;0,0;0,663365;0,582079
SPORTBET;SPORTBET.IT;E28852;CALCIO | MONDO - MONDIALI | Haiti - Scozia | 1X2 | 2;1,494069;1,37;1,55;0,670056;553;553;4723,6;1580106,18;50000,0;0;0;0;0;429;124;553;0;1;1;0,0;1284520,43;0,0;0,0;1058760,117439;256904,086;0,0;77,576854;0,0;1,299668;0,977257
SPORTBET;SPORTBET.IT;E28193;CALCIO | MONDO - MONDIALI | Argentina - Algeria | 1X2 | 1;1,390279;1,38;1,41;0,719297;502;502;4323,4;1569576,54;49127,43;0;0;0;0;381;121;502;0;1;1;0,0;1307957,87;0,0;0,0;1128991,464822;261591,574;0,0;75,896414;0,0;1,291007;0,970745
SPORTBET;SPORTBET.IT;E29064;CALCIO | MONDO - MONDIALI | Messico - Sudafrica | 1X2 | 1;1,423852;1,38;1,5;0,702478;431;431;5292,1;1523727,44;50000,0;0;0;0;0;293;138;431;0;1;1;0,0;1282059,46;0,0;0,0;1070384,392552;256411,892;0,0;67,981439;0,0;1,253295;0,942388
SPORTBET;SPORTBET.IT;E28312;CALCIO | MONDO - MONDIALI | Austria - Giordania | 1X2 | 1;1,314519;1,3;1,36;0,760795;509;509;4901,1;1511438,34;50000,0;0;0;0;0;418;91;509;0;1;1;0,0;1289568,23;0,0;0,0;1149894,277959;257913,646;0,0;82,121807;0,0;1,243187;0,934788
SPORTBET;SPORTBET.IT;E29670;CALCIO | MONDO - MONDIALI | Portogallo - Repubblica Democratica del Congo | 1X2 | 1;1,262639;1,25;1,31;0,792027;451;451;4578,7;1498014,32;50000,0;0;0;0;0;347;104;451;0;1;1;0,0;1249624,73;0,0;0,0;1186467,954061;249924,946;0,0;76,940133;0,0;1,232146;0,926485
SPORTBET;SPORTBET.IT;E28469;CALCIO | MONDO - MONDIALI | Brasile - Marocco | 1X2 | 1;1,610508;1,54;1,66;0,621268;453;453;3578,75;1469471,21;49608,11;0;0;0;0;293;160;453;0;1;1;0,0;1107537,62;0,0;0,0;912935,699167;221507,524;0,0;64,679912;0,0;1,208669;0,908832
SPORTBET;SPORTBET.IT;E29728;CALCIO | MONDO - MONDIALI | Qatar - Svizzera | 1X2 | 2;1,225981;1,19;1,28;0,815888;418;418;3378,25;1377137,78;50000,0;0;0;0;1;304;113;418;0;1;1;0,0;1159969,44;652,63;0,0;1123589,552447;232320,203;0,0;72,727273;0,0;1,132723;0,851726
SPORTBET;SPORTBET.IT;E28702;CALCIO | MONDO - MONDIALI | Francia - Senegal | 1X2 | 1;1,446926;1,41;1,46;0,691171;462;462;4804,5;1373021,6;49127,43;0;0;0;0;331;131;462;0;1;1;0,0;1173281,0;0,0;0,0;948992,771962;234656,2;0,0;71,645022;0,0;1,129337;0,84918
SPORTBET;SPORTBET.IT;E28996;CALCIO | MONDO - MONDIALI | Iraq - Norvegia | 1X2 | 2;1,20722;1,2;1,27;0,828435;410;410;3436,75;1365839,07;50000,0;0;0;0;0;325;85;410;0;1;1;0,0;1183606,12;0,0;0,0;1131508,98606;236721,224;0,0;79,268293;0,0;1,123429;0,844738
SPORTBET;SPORTBET.IT;E28376;CALCIO | MONDO - MONDIALI | Belgio - Egitto | 1X2 | 1;1,638714;1,54;1,66;0,610427;311;311;2193,05;1332751,22;49991,61;0;0;0;0;193;118;311;0;1;1;0,0;1070939,99;0,0;0,0;813547,273654;214187,998;0,0;62,057878;0,0;1,096214;0,824274
SPORTBET;SPORTBET.IT;E28144;CALCIO | MONDO - MONDIALI | Arabia Saudita - Uruguay | 1X2 | 2;1,451085;1,42;1,57;0,689478;258;258;2336,95;1288852,93;49991,61;0;0;0;0;167;91;258;0;1;1;0,0;1090161,2;0,0;0,0;888635,190362;218032,24;0,0;64,728682;0,0;1,060107;0,797124
SPORTBET;WWW.VSTART.IT;E29255;CALCIO | MONDO - MONDIALI | Mondiale 2026 Gruppo E | PRIMA/ULTIMA CLASSIFICATA | GERMANIA / CURACAO;1,3;1,3;1,3;0,769231;63;63;310,35;1279102,09;50000,0;0;0;0;0;63;0;0;63;0;0;0,0;1279102,09;0,0;0,0;983924,684615;255820,418;0,0;100,0;100,0;3,534923;0,791094
SPORTBET;WWW.VSTART.IT;E29418;CALCIO | MONDO - MONDIALI | Mondiale 2026 Gruppo L | PRIMA/ULTIMA CLASSIFICATA | INGHILTERRA / PANAMA;1,9;1,9;1,9;0,526316;60;60;329,55;1271229,62;50000,0;0;0;0;0;60;0;0;60;0;0;0,0;1271229,62;0,0;0,0;669068,221053;254245,924;0,0;100,0;100,0;3,513167;0,786225
SPORTBET;WWW.VSTART.IT;E29329;CALCIO | MONDO - MONDIALI | Mondiale 2026 Gruppo H | PRIMA/ULTIMA CLASSIFICATA | SPAGNA / CAPO VERDE;1,7;1,7;1,7;0,588235;60;60;328,95;1246786,82;50000,0;0;0;0;0;60;0;0;60;0;0;0,0;1246786,82;0,0;0,0;733404,011765;249357,364;0,0;100,0;100,0;3,445617;0,771107
SPORTBET;WWW.VSTART.IT;E29353;CALCIO | MONDO - MONDIALI | Mondiale 2026 Gruppo I | PRIMA/ULTIMA CLASSIFICATA | FRANCIA / IRAQ;1,45;1,45;1,45;0,689655;59;59;333,95;1225836,09;50000,0;0;0;0;0;59;0;0;59;0;0;0,0;1225836,09;0,0;0,0;845404,2;245167,218;0,0;100,0;100,0;3,387718;0,75815
SPORTBET;WWW.VSTART.IT;E29283;CALCIO | MONDO - MONDIALI | Mondiale 2026 Gruppo F | PRIMA/ULTIMA CLASSIFICATA | OLANDA / TUNISIA;2,75;2,75;2,75;0,363636;54;54;237,25;1225758,89;50000,0;0;0;0;0;54;0;0;54;0;0;0,0;1225758,89;0,0;0,0;445730,505455;245151,778;0,0;100,0;100,0;3,387504;0,758102
SPORTBET;WWW.VSTART.IT;E29308;CALCIO | MONDO - MONDIALI | Mondiale 2026 Gruppo G | PRIMA/ULTIMA CLASSIFICATA | BELGIO / NUOVA ZELANDA;1,8;1,8;1,8;0,555556;60;60;321,15;1203365,36;50000,0;0;0;0;0;60;0;0;60;0;0;0,0;1203365,36;0,0;0,0;668536,311111;240673,072;0,0;100,0;100,0;3,325618;0,744252
SPORTBET;WWW.VSTART.IT;E29184;CALCIO | MONDO - MONDIALI | Mondiale 2026 Gruppo B | PRIMA/ULTIMA CLASSIFICATA | SVIZZERA / QATAR;2,5;2,5;2,5;0,4;50;50;262,95;1162053,98;50000,0;0;0;0;0;50;0;0;50;0;0;0,0;1162053,98;0,0;0,0;464821,592;232410,796;0,0;100,0;100,0;3,21145;0,718702
SPORTBET;SPORTBET.IT;E28254;CALCIO | MONDO - MONDIALI | Australia - Turchia | 1X2 | 2;1,749353;1,7;1,85;0,571876;278;278;2043,7;1041329,46;49044,91;0;0;0;0;187;91;278;0;1;1;0,0;795139,26;0,0;0,0;595511,411745;159027,852;0,0;67,266187;0,0;0,856514;0,644037
SPORTBET;WWW.VSTART.IT;E29377;CALCIO | MONDO - MONDIALI | Mondiale 2026 Gruppo J | PRIMA/ULTIMA CLASSIFICATA | ARGENTINA / GIORDANIA;1,6;1,6;1,6;0,625;69;69;432,25;1035190,13;50000,0;0;0;0;0;69;0;0;69;0;0;0,0;1035190,13;0,0;0,0;646993,83125;207038,026;0,0;100,0;100,0;2,860849;0,64024
STANLEYBET;WWW.STANLEYBET.IT;E33849;CALCIO | MONDO - MONDIALI | Haiti - Scozia | 1X2 | 2;1,477856;1,4;1,54;0,677236;611;611;4049,8;2636523,41;50000,0;0;0;0;1;357;253;611;0;1;1;0,0;1834592,65;1343,76;0,0;1785549,689152;367590,41;0,0;58,428805;0,0;1,887195;1,887195
STANLEYBET;WWW.STANLEYBET.IT;E34889;CALCIO | MONDO - MONDIALI | Portogallo - Repubblica Democratica del Congo | 1X2 | 1;1,270565;1,26;1,32;0,787105;584;584;3682,3;2483298,51;50000,0;0;0;0;0;327;257;584;0;1;1;0,0;1755214,76;0,0;0,0;1954617,096657;351042,952;0,0;55,993151;0,0;1,777518;1,777518
STANLEYBET;WWW.STANLEYBET.IT;E32844;CALCIO | MONDO - MONDIALI | Argentina - Algeria | 1X2 | 1;1,39773;1,36;1,42;0,715469;564;564;3324,9;2308056,68;50000,0;0;0;2;0;302;260;564;0;1;1;0,0;1515585,52;0,0;646,74;1651342,366966;303181,778;0,0;53,546099;0,0;1,652082;1,652082
STANLEYBET;WWW.STANLEYBET.IT;E33182;CALCIO | MONDO - MONDIALI | Brasile - Marocco | 1X2 | 1;1,620556;1,5;1,65;0,617193;504;504;2642,2;2224546,41;50000,0;0;0;1;1;251;251;504;0;1;1;0,0;1454198,93;1343,76;622,52;1372974,933003;291573,918;0,0;49,801587;0,0;1,592306;1,592306
STANLEYBET;WWW.STANLEYBET.IT;E33620;CALCIO | MONDO - MONDIALI | Francia - Senegal | 1X2 | 1;1,444819;1,42;1,47;0,692158;496;496;2803,8;2173582,63;50000,0;0;0;1;0;269;226;496;0;1;1;0,0;1569035,91;0,0;622,52;1504463,565358;313869,434;0,0;54,233871;0,0;1,555827;1,555827
STANLEYBET;WWW.STANLEYBET.IT;E34975;CALCIO | MONDO - MONDIALI | Qatar - Svizzera | 1X2 | 2;1,244067;1,21;1,38;0,804209;654;654;3645,6;2136750,54;50000,0;0;0;1;1;357;295;654;0;1;1;0,0;1427300,53;1343,76;24,22;1718394,122707;286134,408;0,0;54,587156;0,0;1,529463;1,529463
STANLEYBET;WWW.STANLEYBET.IT;E34147;CALCIO | MONDO - MONDIALI | Messico - Sudafrica | 1X2 | 1;1,431463;1,38;1,55;0,698965;581;581;4617,75;2118721,2;50000,0;0;0;1;1;327;252;581;0;1;1;0,0;1388229,2;1343,76;622,52;1480911,996557;278379,972;0,0;56,282272;0,0;1,516557;1,516557
STANLEYBET;WWW.STANLEYBET.IT;E32787;CALCIO | MONDO - MONDIALI | Arabia Saudita - Uruguay | 1X2 | 2;1,470078;1,43;1,61;0,680639;383;383;1477,95;2098206,99;50000,0;0;0;0;0;218;165;383;0;1;1;0,0;1475132,6;0,0;0,0;1428122,413594;295026,52;0,0;56,91906;0,0;1,501874;1,501874
STANLEYBET;WWW.STANLEYBET.IT;E34050;CALCIO | MONDO - MONDIALI | Iraq - Norvegia | 1X2 | 2;1,222866;1,2;1,33;0,818213;485;485;2644,05;2039930,85;50000,0;0;0;0;0;259;226;485;0;1;1;0,0;1435567,44;0,0;0,0;1669098,387783;287113,488;0,0;53,402062;0,0;1,46016;1,46016
STANLEYBET;WWW.STANLEYBET.IT;E32995;CALCIO | MONDO - MONDIALI | Austria - Giordania | 1X2 | 1;1,327837;1,3;1,37;0,75316;527;527;2583,6;2019666,73;50000,0;0;0;0;0;281;246;527;0;1;1;0,0;1297656,78;0,0;0,0;1521133,059744;259531,356;0,0;53,320683;0,0;1,445655;1,445655
STANLEYBET;WWW.STANLEYBET.IT;E33055;CALCIO | MONDO - MONDIALI | Belgio - Egitto | 1X2 | 1;1,647692;1,58;1,67;0,60697;312;312;1581,85;1766890,47;50000,0;0;0;0;0;153;159;312;0;1;1;0,0;1090369,04;0,0;0,0;1072449,275699;218073,808;0,0;49,038462;0,0;1,264721;1,264721
STANLEYBET;WWW.STANLEYBET.IT;E32926;CALCIO | MONDO - MONDIALI | Australia - Turchia | 1X2 | 2;1,761129;1,7;1,91;0,568287;319;319;1349,0;1572692,85;50000,0;0;0;0;0;178;141;319;0;1;1;0,0;1102773,54;0,0;0,0;893741,334569;220554,708;0,0;55,799373;0,0;1,125716;1,125716
STANLEYBET;WWW.STANLEYBET.IT;E34770;CALCIO | MONDO - MONDIALI | Olanda - Giappone | 1X2 | 1;1,996466;1,89;2,03;0,500957;232;232;1120,6;1306941,75;50000,0;0;0;0;0;114;118;232;0;1;1;0,0;782491,26;0,0;0,0;654721,012182;156498,252;0,0;49,137931;0,0;0,935495;0,935495
STANLEYBET;WWW.STANLEYBET.IT;E35501;CALCIO | MONDO - MONDIALI | Uzbekistan - Colombia | 1X2 | 2;1,408443;1,38;1,44;0,710048;289;289;1158,95;1292563,23;50000,0;0;0;0;0;159;130;289;0;1;1;0,0;823804,24;0,0;0,0;917781,762108;164760,848;0,0;55,017301;0,0;0,925203;0,925203
STANLEYBET;WWW.STANLEYBET.IT;E35319;CALCIO | MONDO - MONDIALI | Svezia - Tunisia | 1X2 | 1;1,922365;1,89;1,97;0,520342;203;203;1073,6;1244662,92;50000,0;0;0;0;1;92;110;203;0;1;1;0,0;752209,98;1343,76;0,0;647650,21446;151113,876;0,0;45,320197;0,0;0,890916;0,890916
STANLEYBET;WWW.STANLEYBET.IT;E33923;CALCIO | MONDO - MONDIALI | Inghilterra - Croazia | 1X2 | 1;1,727881;1,62;1,75;0,578835;151;151;785,2;1178883,06;50000,0;0;0;1;0;82;68;151;0;1;1;0,0;859339,04;0,0;622,52;682378,905457;171930,06;0,0;54,304636;0,0;0,843832;0,843832
STANLEYBET;WWW.STANLEYBET.IT;E35243;CALCIO | MONDO - MONDIALI | Stati Uniti - Paraguay | 1X2 | 1;1,983369;1,92;2,05;0,504275;279;279;1990,85;1091547,36;50000,0;0;0;0;0;147;132;279;0;1;1;0,0;749652,6;0,0;0,0;550439,903544;149930,52;0,0;52,688172;0,0;0,781318;0,781318
STANLEYBET;WWW.STANLEYBET.IT;E35144;CALCIO | MONDO - MONDIALI | Spagna - Capo Verde | 1X2 | 1;1,084664;1,07;1,09;0,92197;298;298;1974,65;1076974,51;50000,0;0;0;1;0;112;185;298;0;1;1;0,0;680444,34;0,0;24,22;992938,201138;136091,29;0,0;37,583893;0,0;0,770887;0,770887
STANLEYBET;WWW.STANLEYBET.IT;E34942;CALCIO | MONDO - MONDIALI | Portogallo - Uzbekistan | 1X2 | 1;1,248433;1,24;1,25;0,801011;134;134;524,05;893631,19;50000,0;0;0;0;0;53;81;134;0;1;1;0,0;513355,92;0,0;0,0;715808,478961;102671,184;0,0;39,552239;0,0;0,639651;0,639651
STANLEYBET;WWW.STANLEYBET.IT;E33687;CALCIO | MONDO - MONDIALI | Germania - Costa dAvorio | 1X2 | 1;1,54;1,54;1,54;0,649351;82;82;292,3;824888,4;48508,48;0;0;0;0;34;48;82;0;1;1;0,0;458229,16;0,0;0,0;535641,818182;91645,832;0,0;41,463415;0,0;0,590446;0,590446
STARCASINO;WWW.BETSSON.IT;E39581;CALCIO | MONDO - MONDIALI | Haiti - Scozia | 1X2 | 2;1,478233;1,39;1,53;0,677009;662;662;4159,5;2871059,9;49892,49;0;0;0;2;432;228;662;0;1;1;0,0;1995040,82;29286,8;0,0;1943732,743882;413651,564;0,0;65,256798;0,0;1,810372;1,485534
STARCASINO;WWW.BETSSON.IT;E40929;CALCIO | MONDO - MONDIALI | Portogallo - Repubblica Democratica del Congo | 1X2 | 1;1,25457;1,25;1,32;0,797114;558;558;4020,65;2811334,76;49892,49;0;0;0;3;374;181;558;0;1;1;0,0;2011039,93;30876,67;0,0;2240954,283517;417646,321;0,0;67,02509;0,0;1,772712;1,454631
STARCASINO;WWW.BETSSON.IT;E38786;CALCIO | MONDO - MONDIALI | Austria - Giordania | 1X2 | 1;1,309408;1,3;1,36;0,76379;456;456;2789,45;2622188,01;49892,49;0;0;0;2;295;159;456;0;1;1;0,0;1850372,85;29286,8;0,0;2002800,896892;384717,97;0,0;64,692982;0,0;1,653444;1,356763
STARCASINO;WWW.BETSSON.IT;E38627;CALCIO | MONDO - MONDIALI | Argentina - Algeria | 1X2 | 1;1,385748;1,37;1,41;0,721674;548;548;3121,3;2578954,34;49801,81;0;0;0;3;341;204;548;0;1;1;0,0;1762870,28;30876,67;0,0;1861164,500269;368012,391;0,0;62,226277;0,0;1,626182;1,334394
STARCASINO;WWW.BETSSON.IT;E39870;CALCIO | MONDO - MONDIALI | Iraq - Norvegia | 1X2 | 2;1,205693;1,19;1,27;0,829542;462;462;2987,3;2571283,2;49892,49;0;0;0;1;316;145;462;0;1;1;0,0;1935226,34;1589,87;0,0;2132987,030572;387840,203;0,0;68,398268;0,0;1,621345;1,330425
STARCASINO;WWW.BETSSON.IT;E39362;CALCIO | MONDO - MONDIALI | Francia - Senegal | 1X2 | 1;1,44345;1,41;1,45;0,69281;516;516;3235,8;2551975,51;49892,49;0;0;0;3;305;208;516;0;1;1;0,0;1745364,5;30876,67;0,0;1768033,679364;364511,235;0,0;59,108527;0,0;1,609171;1,320434
STARCASINO;WWW.BETSSON.IT;E41006;CALCIO | MONDO - MONDIALI | Qatar - Svizzera | 1X2 | 2;1,227791;1,2;1,35;0,8149;584;584;3935,9;2541930,63;49801,81;0;0;0;0;386;198;584;0;1;1;0,0;1798822,34;0,0;0,0;2071419,523888;359764,468;0,0;66,09589;0,0;1,602837;1,315237
STARCASINO;WWW.BETSSON.IT;E38863;CALCIO | MONDO - MONDIALI | Belgio - Egitto | 1X2 | 1;1,64901;1,54;1,66;0,606466;384;384;2426,9;2372459,74;49801,81;0;0;0;3;216;165;384;0;1;1;0,0;1591727,11;30876,67;0,0;1438815,19557;333783,757;0,0;56,25;0,0;1,495975;1,22755
STARCASINO;WWW.BETSSON.IT;E38710;CALCIO | MONDO - MONDIALI | Australia - Turchia | 1X2 | 2;1,756;1,69;1,89;0,569915;455;455;2735,85;2312154,31;50000,0;0;0;0;0;246;209;455;0;1;1;0,0;1548992,74;0,0;0,0;1317731,294275;309798,548;0,0;54,065934;0,0;1,457949;1,196347
STARCASINO;WWW.BETSSON.IT;E38978;CALCIO | MONDO - MONDIALI | Brasile - Marocco | 1X2 | 1;1,607084;1,51;1,63;0,622326;559;559;3275,35;2306154,61;49801,81;0;0;0;2;303;254;559;0;1;1;0,0;1528965,53;29286,8;0,0;1435179,031759;320436,506;0,0;54,203936;0,0;1,454166;1,193243
STARCASINO;WWW.BETSSON.IT;E39962;CALCIO | MONDO - MONDIALI | Messico - Sudafrica | 1X2 | 1;1,42487;1,39;1,54;0,702157;616;616;3911,15;2196276,7;49541,6;0;0;0;3;364;249;616;0;1;1;0,0;1380222,84;30876,67;0,0;1542130,778747;291482,903;0,0;59,090909;0,0;1,384882;1,13639
STARCASINO;WWW.BETSSON.IT;E38553;CALCIO | MONDO - MONDIALI | Arabia Saudita - Uruguay | 1X2 | 2;1,453324;1,41;1,6;0,688463;367;367;1825,3;2183372,05;49892,49;0;0;0;3;218;146;367;0;1;1;0,0;1528851,63;30876,67;0,0;1503171,093717;321208,661;0,0;59,400545;0,0;1,376744;1,129713
STARCASINO;WWW.BETSSON.IT;E41641;CALCIO | MONDO - MONDIALI | Uzbekistan - Colombia | 1X2 | 2;1,401171;1,39;1,44;0,713709;316;316;1796,05;1944844,95;49892,49;0;0;0;1;194;121;316;0;1;1;0,0;1380492,64;1589,87;0,0;1388052,493749;276893,463;0,0;61,392405;0,0;1,226339;1,006295
STARCASINO;WWW.BETSSON.IT;E40815;CALCIO | MONDO - MONDIALI | Olanda - Giappone | 1X2 | 1;1,989843;1,88;2,01;0,502584;319;319;1926,3;1824141,34;49801,81;0;0;0;3;151;165;319;0;1;1;0,0;1067833,9;30876,67;0,0;916783,711647;229005,115;0,0;47,335423;0,0;1,150228;0,943841
STARCASINO;WWW.BETSSON.IT;E39754;CALCIO | MONDO - MONDIALI | Inghilterra - Croazia | 1X2 | 1;1,713274;1,68;1,73;0,583704;226;226;1378,45;1645896,89;49801,81;0;0;0;0;115;111;226;0;1;1;0,0;1055560,46;0,0;0,0;960717,397168;211112,092;0,0;50,884956;0,0;1,037835;0,851614
STARCASINO;WWW.BETSSON.IT;E41296;CALCIO | MONDO - MONDIALI | Spagna - Capo Verde | 1X2 | 1;1,084167;1,07;1,09;0,9224;276;276;2015,15;1330505,01;49679,84;0;0;0;0;164;112;276;0;1;1;0,0;896666,36;0,0;0,0;1227257,402652;179333,272;0,0;59,42029;0,0;0,838962;0,688425
STARCASINO;WWW.BETSSON.IT;E41547;CALCIO | MONDO - MONDIALI | Svezia - Tunisia | 1X2 | 1;1,924971;1,89;1,95;0,519573;171;171;759,45;1220974,48;49541,6;0;0;0;0;82;89;171;0;1;1;0,0;710936,91;0,0;0,0;634384,854496;142187,382;0,0;47,953216;0,0;0,769896;0,631752
STARCASINO;WWW.BETSSON.IT;E41382;CALCIO | MONDO - MONDIALI | Stati Uniti - Paraguay | 1X2 | 1;1,970107;1,91;2,02;0,507637;281;281;1673,9;1220413,19;49541,6;0;0;0;2;138;141;281;0;1;1;0,0;630593,61;29286,8;0,0;619527,187581;140762,122;0,0;49,11032;0,0;0,769542;0,631462
STARCASINO;WWW.BETSSON.IT;E40416;CALCIO | MONDO - MONDIALI | Mondiale 2026 Gruppo H | PRIME DUE IN ORDINE DEL GRUPPO | 1 SPAGNA - 2 URUGUAY;1,691743;1,6;1,7;0,591271;109;109;472,45;1026204,95;50000,0;0;0;0;0;109;0;0;109;0;0;0,0;1026204,95;0,0;0,0;606765,136721;205240,99;0,0;100,0;100,0;0,647083;0,530975
STARCASINO;WWW.BETSSON.IT;E39147;CALCIO | MONDO - MONDIALI | Canada - Bosnia-Erzegovina | 1X2 | 1;1,786736;1,78;2,09;0,55975;242;242;2124,5;1007713,05;48913,07;0;0;0;0;118;124;242;0;1;1;0,0;600945,11;0,0;0,0;564067,807879;120189,022;0,0;48,760331;0,0;0,635422;0,521407
TOTOSI;WWW.TOTOSI.IT;E43722;CALCIO | MONDO - MONDIALI | Brasile - Marocco | 1X2 | 1;1,627403;1,5;1,65;0,614598;154;154;1302,5;912217,61;48917,73;0;0;0;0;88;66;154;0;1;1;0,0;473643,3;0,0;0,0;560647,434614;94728,66;0,0;57,142857;0,0;2,5283;2,5283
TOTOSI;WWW.TOTOSI.IT;E43887;CALCIO | MONDO - MONDIALI | Haiti - Scozia | 1X2 | 2;1,493118;1,39;1,55;0,670435;186;186;1195,7;879189,58;45547,35;0;0;0;0;118;68;186;0;1;1;0,0;510435,02;0,0;0,0;589439,04962;102087,004;0,0;63,44086;0,0;2,43676;2,43676
TOTOSI;WWW.TOTOSI.IT;E43999;CALCIO | MONDO - MONDIALI | Messico - Sudafrica | 1X2 | 1;1,441793;1,4;1,56;0,69408;184;184;1514,3;837390,56;45547,35;0;0;0;0;118;66;184;0;1;1;0,0;526318,54;0,0;0,0;581216,389841;105263,708;0,0;64,130435;0,0;2,32091;2,32091
TOTOSI;WWW.TOTOSI.IT;E43611;CALCIO | MONDO - MONDIALI | Argentina - Algeria | 1X2 | 1;1,4042;1,33;1,43;0,712204;150;150;1353,05;734055,86;48917,73;0;0;0;0;95;55;150;0;1;1;0,0;433335,16;0,0;0,0;522797,473977;86667,032;0,0;63,333333;0,0;2,034508;2,034508
TOTOSI;WWW.TOTOSI.IT;E44262;CALCIO | MONDO - MONDIALI | Qatar - Svizzera | 1X2 | 2;1,244464;1,21;1,4;0,804343;168;168;1625,5;726578,63;45547,35;0;0;0;0;114;54;168;0;1;1;0,0;470896,74;0,0;0,0;584418,559237;94179,348;0,0;67,857143;0,0;2,013784;2,013784
TOTOSI;WWW.TOTOSI.IT;E44378;CALCIO | MONDO - MONDIALI | Stati Uniti - Paraguay | 1X2 | 1;2,005977;1,94;2,06;0,498556;87;87;628,15;717901,69;49084,85;0;0;0;0;37;50;87;0;1;1;0,0;329544,24;0,0;0,0;357913,856801;65908,848;0,0;42,528736;0,0;1,989735;1,989735
TOTOSI;WWW.TOTOSI.IT;E43823;CALCIO | MONDO - MONDIALI | Francia - Senegal | 1X2 | 1;1,456815;1,43;1,47;0,686484;135;135;1411,45;705433,7;49084,85;0;0;0;0;86;49;135;0;1;1;0,0;460169,21;0,0;0,0;484268,927213;92033,842;0,0;63,703704;0,0;1,955179;1,955179
TOTOSI;WWW.TOTOSI.IT;E43683;CALCIO | MONDO - MONDIALI | Belgio - Egitto | 1X2 | 1;1,6557;1,56;1,68;0,604158;100;100;671,05;703013,54;50000,0;0;0;0;1;50;49;100;0;1;1;0,0;342831,51;50000,0;0,0;424731,254751;93566,302;0,0;50,0;0,0;1,948471;1,948471
TOTOSI;WWW.TOTOSI.IT;E44193;CALCIO | MONDO - MONDIALI | Olanda - Giappone | 1X2 | 1;2,014524;1,91;2,04;0,496451;84;84;523,65;669115,14;49084,85;0;0;0;0;35;49;84;0;1;1;0,0;355788,31;0,0;0,0;332183,140066;71157,662;0,0;41,666667;0,0;1,854518;1,854518
TOTOSI;WWW.TOTOSI.IT;E43585;CALCIO | MONDO - MONDIALI | Arabia Saudita - Uruguay | 1X2 | 2;1,477143;1,43;1,62;0,677771;91;91;448,25;628257,99;49084,85;0;0;0;0;58;33;91;0;1;1;0,0;440327,21;0,0;0,0;425815,165763;88065,442;0,0;63,736264;0,0;1,741278;1,741278
TOTOSI;WWW.TOTOSI.IT;E44450;CALCIO | MONDO - MONDIALI | Uzbekistan - Colombia | 1X2 | 2;1,421;1,39;1,45;0,703772;90;90;509,2;603404,13;48917,73;0;0;0;0;62;28;90;0;1;1;0,0;417084,71;0,0;0,0;424658,956135;83416,942;0,0;68,888889;0,0;1,672394;1,672394
TOTOSI;WWW.TOTOSI.IT;E44230;CALCIO | MONDO - MONDIALI | Portogallo - Repubblica Democratica del Congo | 1X2 | 1;1,272353;1,26;1,32;0,786001;136;136;1254,9;602888,43;48917,73;0;0;0;0;97;39;136;0;1;1;0,0;406824,32;0,0;0,0;473870,695189;81364,864;0,0;71,323529;0,0;1,670964;1,670964
TOTOSI;WWW.TOTOSI.IT;E43660;CALCIO | MONDO - MONDIALI | Austria - Giordania | 1X2 | 1;1,332;1,32;1,38;0,750901;120;120;959,2;539639,21;45547,35;0;0;0;0;86;34;120;0;1;1;0,0;413745,44;0,0;0,0;405215,368406;82749,088;0,0;71,666667;0,0;1,495663;1,495663
TOTOSI;WWW.TOTOSI.IT;E43638;CALCIO | MONDO - MONDIALI | Australia - Turchia | 1X2 | 2;1,773258;1,71;1,92;0,564492;89;89;411,05;526446,62;45547,35;0;0;0;0;49;40;89;0;1;1;0,0;287138,09;0,0;0,0;297174,90373;57427,618;0,0;55,05618;0,0;1,459098;1,459098
TOTOSI;WWW.TOTOSI.IT;E43755;CALCIO | MONDO - MONDIALI | Canada - Bosnia-Erzegovina | 1X2 | 1;1,822533;1,81;2,12;0,549044;75;75;438,3;523137,33;45547,35;0;0;0;0;38;37;75;0;1;1;0,0;294847,45;0,0;0,0;287225,261078;58969,49;0,0;50,666667;0,0;1,449926;1,449926
TOTOSI;WWW.TOTOSI.IT;E44406;CALCIO | MONDO - MONDIALI | Svezia - Tunisia | 1X2 | 1;1,95098;1,91;1,98;0,51265;51;51;188,55;518325,54;45547,35;0;0;0;0;24;27;51;0;1;1;0,0;293502,87;0,0;0,0;265719,708815;58700,574;0,0;47,058824;0,0;1,43659;1,43659
TOTOSI;WWW.TOTOSI.IT;E43938;CALCIO | MONDO - MONDIALI | Iran - Nuova Zelanda | 1X2 | 1;1,883226;1,66;1,92;0,532135;31;31;62,2;440023,39;48917,73;0;0;0;0;12;19;31;0;1;1;0,0;205855,0;0,0;0,0;234151,671488;41171,0;0,0;38,709677;0,0;1,219568;1,219568
TOTOSI;WWW.TOTOSI.IT;E43915;CALCIO | MONDO - MONDIALI | Inghilterra - Croazia | 1X2 | 1;1,733944;1,63;1,76;0,576823;71;71;633,05;418777,08;50000,0;0;0;0;1;38;32;71;0;1;1;0,0;199334,03;50000,0;0,0;241560,048948;64866,806;0,0;53,521127;0,0;1,160682;1,160682
TOTOSI;WWW.TOTOSI.IT;E44344;CALCIO | MONDO - MONDIALI | Spagna - Capo Verde | 1X2 | 1;1,093333;1,08;1,1;0,914689;93;93;497,15;414717,03;48917,73;0;0;0;0;64;29;93;0;1;1;0,0;223637,15;0,0;0,0;379337,22795;44727,43;0,0;68,817204;0,0;1,149429;1,149429
TOTOSI;WWW.TOTOSI.IT;E43956;CALCIO | MONDO - MONDIALI | Iraq - Norvegia | 1X2 | 2;1,220612;1,21;1,31;0,81938;98;98;772,5;411912,4;50000,0;0;0;0;1;74;23;98;0;1;1;0,0;271851,93;50000,0;0,0;337512,920932;79370,386;0,0;75,510204;0,0;1,141656;1,141656
WILLIAMHILL;WWW.WILLIAMHILL.IT;E47157;CALCIO | MONDO - MONDIALI | Haiti - Scozia | 1X2 | 2;1,475949;1,37;1,54;0,678298;701;701;4890,25;3202704,57;50000,0;0;0;0;0;413;288;701;0;1;1;0,0;1982996,17;0,0;0,0;2172386,97343;396599,234;0,0;58,915835;0,0;1,635328;1,635328
WILLIAMHILL;WWW.WILLIAMHILL.IT;E47393;CALCIO | MONDO - MONDIALI | Messico - Sudafrica | 1X2 | 1;1,427797;1,4;1,54;0,700686;799;799;7423,2;3165040,65;50000,0;0;0;0;0;425;374;799;0;1;1;0,0;2031631,44;0,0;0,0;2217700,540795;406326,288;0,0;53,191489;0,0;1,616097;1,616097
WILLIAMHILL;WWW.WILLIAMHILL.IT;E46360;CALCIO | MONDO - MONDIALI | Argentina - Algeria | 1X2 | 1;1,386966;1,31;1,41;0,721048;590;590;4400,45;3145187,7;50000,0;0;0;0;0;357;233;590;0;1;1;0,0;2113697,28;0,0;0,0;2267831,761818;422739,456;0,0;60,508475;0,0;1,60596;1,60596
WILLIAMHILL;WWW.WILLIAMHILL.IT;E48381;CALCIO | MONDO - MONDIALI | Qatar - Svizzera | 1X2 | 2;1,234023;1,21;1,39;0,810809;681;681;5186,95;3067428,35;50000,0;0;0;0;0;389;292;681;0;1;1;0,0;1926982,81;0,0;0,0;2487097,762339;385396,562;0,0;57,12188;0,0;1,566255;1,566255
WILLIAMHILL;WWW.WILLIAMHILL.IT;E48311;CALCIO | MONDO - MONDIALI | Portogallo - Repubblica Democratica del Congo | 1X2 | 1;1,257478;1,25;1,32;0,795333;563;563;4129,95;2752210,07;50000,0;0;0;0;0;359;204;563;0;1;1;0,0;1871842,54;0,0;0,0;2188923,25531;374368,508;0,0;63,765542;0,0;1,405302;1,405302
WILLIAMHILL;WWW.WILLIAMHILL.IT;E46669;CALCIO | MONDO - MONDIALI | Brasile - Marocco | 1X2 | 1;1,611119;1,47;1,64;0,620832;554;554;3797,7;2656093,98;49976,73;0;0;0;0;288;266;554;0;1;1;0,0;1623641,7;0,0;0,0;1648987,460411;324728,34;0,0;51,98556;0,0;1,356224;1,356224
WILLIAMHILL;WWW.WILLIAMHILL.IT;E46303;CALCIO | MONDO - MONDIALI | Arabia Saudita - Uruguay | 1X2 | 2;1,468716;1,42;1,6;0,681518;366;366;2013,7;2599024,85;50000,0;0;0;0;0;202;164;366;0;1;1;0,0;1769571,21;0,0;0,0;1771281,023185;353914,242;0,0;55,191257;0,0;1,327084;1,327084
WILLIAMHILL;WWW.WILLIAMHILL.IT;E46495;CALCIO | MONDO - MONDIALI | Austria - Giordania | 1X2 | 1;1,314051;1,3;1,36;0,761146;469;469;3352,95;2531260,23;50000,0;0;0;0;0;284;185;469;0;1;1;0,0;1724788,06;0,0;0,0;1926659,242629;344957,612;0,0;60,554371;0,0;1,292483;1,292483
WILLIAMHILL;WWW.WILLIAMHILL.IT;E46987;CALCIO | MONDO - MONDIALI | Francia - Senegal | 1X2 | 1;1,440713;1,41;1,46;0,694152;533;533;4801,85;2526061,04;49976,73;0;0;0;0;303;230;533;0;1;1;0,0;1521523,83;0,0;0,0;1753471,248001;304304,766;0,0;56,84803;0,0;1,289828;1,289828
WILLIAMHILL;WWW.WILLIAMHILL.IT;E47317;CALCIO | MONDO - MONDIALI | Iraq - Norvegia | 1X2 | 2;1,208767;1,19;1,3;0,827493;454;454;4253,3;2350779,43;50000,0;0;0;0;0;288;166;454;0;1;1;0,0;1490129,0;0,0;0,0;1945253,543258;298025,8;0,0;63,436123;0,0;1,200328;1,200328
WILLIAMHILL;WWW.WILLIAMHILL.IT;E46425;CALCIO | MONDO - MONDIALI | Australia - Turchia | 1X2 | 2;1,764147;1,7;1,89;0,567279;381;381;2937,4;2044885,72;49976,73;0;0;0;0;199;182;381;0;1;1;0,0;1030564,67;0,0;0,0;1160020,108715;206112,934;0,0;52,230971;0,0;1,044136;1,044136
WILLIAMHILL;WWW.WILLIAMHILL.IT;E48667;CALCIO | MONDO - MONDIALI | Stati Uniti - Paraguay | 1X2 | 1;1,981768;1,91;2,02;0,504655;328;328;1887,6;2030070,4;50000,0;0;0;0;0;146;182;328;0;1;1;0,0;1103529,94;0,0;0,0;1024484,503047;220705,988;0,0;44,512195;0,0;1,036571;1,036571
WILLIAMHILL;WWW.WILLIAMHILL.IT;E48845;CALCIO | MONDO - MONDIALI | Uzbekistan - Colombia | 1X2 | 2;1,403659;1,38;1,44;0,712467;317;317;2047,25;1921630,8;50000,0;0;0;0;0;192;125;317;0;1;1;0,0;1268877,29;0,0;0,0;1369099,423447;253775,458;0,0;60,567823;0,0;0,981201;0,981201
WILLIAMHILL;WWW.WILLIAMHILL.IT;E46571;CALCIO | MONDO - MONDIALI | Belgio - Egitto | 1X2 | 1;1,644628;1,54;1,66;0,608157;363;363;1922,2;1891487,17;50000,0;0;0;0;0;182;181;363;0;1;1;0,0;1042097,61;0,0;0,0;1150322,045495;208419,522;0,0;50,137741;0,0;0,96581;0,96581
WILLIAMHILL;WWW.WILLIAMHILL.IT;E48741;CALCIO | MONDO - MONDIALI | Svezia - Tunisia | 1X2 | 1;1,928785;1,9;1,95;0,51852;181;181;844,5;1730506,5;49976,73;0;0;0;0;89;92;181;0;1;1;0,0;1063386,94;0,0;0,0;897301,940437;212677,388;0,0;49,171271;0,0;0,883611;0,883611
WILLIAMHILL;WWW.WILLIAMHILL.IT;E48588;CALCIO | MONDO - MONDIALI | Spagna - Capo Verde | 1X2 | 1;1,083641;1,07;1,09;0,922858;368;368;3110,7;1706333,07;50000,0;0;0;0;0;200;168;368;0;1;1;0,0;864068,23;0,0;0,0;1574702,715011;172813,646;0,0;54,347826;0,0;0,871268;0,871268
WILLIAMHILL;WWW.WILLIAMHILL.IT;E48194;CALCIO | MONDO - MONDIALI | Olanda - Giappone | 1X2 | 1;1,995372;1,84;2,06;0,501207;296;296;1791,65;1593901,91;50000,0;0;0;0;0;117;179;296;0;1;1;0,0;736118,8;0,0;0,0;798874,250271;147223,76;0,0;39,527027;0,0;0,81386;0,81386
WILLIAMHILL;WWW.WILLIAMHILL.IT;E47235;CALCIO | MONDO - MONDIALI | Inghilterra - Croazia | 1X2 | 1;1,706286;1,59;1,73;0,586149;210;210;1408,15;1495257,78;49460,41;0;0;0;0;108;102;210;0;1;1;0,0;731938,58;0,0;0,0;876444,188145;146387,716;0,0;51,428571;0,0;0,763491;0,763491
WILLIAMHILL;WWW.WILLIAMHILL.IT;E46782;CALCIO | MONDO - MONDIALI | Canada - Bosnia-Erzegovina | 1X2 | 1;1,799758;1,78;2,04;0,555718;248;248;2136,95;1303842,7;49976,73;0;0;0;0;104;144;248;0;1;1;0,0;591979,6;0,0;0,0;724568,353099;118395,92;0,0;41,935484;0,0;0,665753;0,665753
WILLIAMHILL;WWW.WILLIAMHILL.IT;E48185;CALCIO | MONDO - MONDIALI | Olanda - Giappone | 1X | 1X;1,275444;1,24;1,28;0,784076;180;180;1507,55;1220790,46;50000,0;0;0;0;0;180;0;0;180;0;0;0,0;1220790,46;0,0;0,0;957192,8732;244158,092;0,0;100,0;100,0;0,623346;0,623346
