concessionario;nome_commerciale;num_ticket;ticket_compatibili;ticket_correlati;ticket_misti;ticket_non_mappati;ticket_incompatibili;ticket_esclusi_montecarlo;importo_pagato_totale;payout_potenziale_totale;pct_incompatibili;pct_non_mappati;pct_correlati_misti
DOMUSBET;WWW.DOMUSBET.IT;368196;51186;176;411;316403;20;20;6658430,25;268502409,6;0,0054;85,9333;0,1594
WILLIAMHILL;WWW.WILLIAMHILL.IT;5157;947;0;0;4210;0;0;153258,95;8147579,43;0,0;81,6366;0,0
STARCASINO;WWW.BETSSON.IT;4504;814;0;1;3689;0;0;135077,7;5112151,62;0,0;81,905;0,0222
SPORTBET;SPORTBET.IT;3170;403;0;0;2767;0;0;43828,1;4378171,85;0,0;87,2871;0,0
STANLEYBET;WWW.STANLEYBET.IT;2768;651;0;0;2117;0;0;37270,55;5724799,11;0,0;76,4812;0,0
MARATHON;WWW.MARATHONBET_PVR.IT;1826;311;0;6;1509;0;0;32715,5;6642137,43;0,0;82,6396;0,3286
BBET;WWW.BBET.EU;1141;187;1;1;952;0;0;12645,5;3006644,57;0,0;83,4356;0,1753
MARATHON;WWW.MARATHONBET_TIPSTER.IT;922;53;0;0;869;0;0;30567,3;461520,99;0,0;94,2516;0,0
STARCASINO;WWW.STARCASINO.IT;933;253;0;0;680;0;0;18361,25;1229835,45;0,0;72,8832;0,0
BBET;WWW.BGAME.IT;702;104;0;2;596;0;0;15480,65;1051667,77;0,0;84,9003;0,2849
MARATHON;MARATHONBET.IT;628;95;0;0;533;0;0;33010,35;417032,82;0,0;84,8726;0,0
TOTOSI;WWW.TOTOSI.IT;575;103;0;0;472;0;0;8371,4;1042681,65;0,0;82,087;0,0
BBET;WWW.ALLINBET.EU;508;133;0;0;375;0;0;3273,85;932627,26;0,0;73,8189;0,0
ADMIRAL;WWW.ADMIRALBET.IT;321;0;0;0;321;0;0;5279,55;511659,16;0,0;100,0;0,0
360BET;360BET.IT;515;204;0;0;311;0;0;12170,3;290119,33;0,0;60,3883;0,0
BBET;WWW.TOPBET24.IT;347;57;0;0;290;0;0;6840,05;564787,77;0,0;83,5735;0,0
BBET;WWW.SPORTBULL.IT;205;23;0;0;182;0;0;2543,7;331530,33999999997;0,0;88,7805;0,0
BBET;WWW.DNGAMES.IT;110;11;0;0;99;0;0;260,1;193916,06;0,0;90,0;0,0
ADMIRAL;FAENZA MENGOLINA;56;0;0;0;56;0;0;1795,8;213903,76;0,0;100,0;0,0
ADMIRAL;POGGIBONSI TRENTO;47;0;0;0;47;0;0;154,35;200971,6;0,0;100,0;0,0
ADMIRAL;MONTEMURLO LABRIOLA;45;0;0;0;45;0;0;15024,0;85998,0;0,0;100,0;0,0
BBET;WWW.MINNIEBET.EU;40;2;0;0;38;0;0;148,9;23496,57;0,0;95,0;0,0
ADMIRAL;MISANO ADRIATICO ADRIATICA;38;0;0;0;38;0;0;3546,0;17806,3;0,0;100,0;0,0
ADMIRAL;WWW.STARVEGAS.IT;37;0;0;0;37;0;0;914,1;18323,08;0,0;100,0;0,0
ADMIRAL;SAN GIOVANNI TEATINO SALARA;33;0;0;0;33;0;0;6051,0;31064,9;0,0;100,0;0,0
BBET;WWW.SOCIALGAME24.IT;36;4;0;0;32;0;0;2824,0;55708,9;0,0;88,8889;0,0
ADMIRAL;ROVERETO TRENTO;26;0;0;0;26;0;0;28,0;171,38;0,0;100,0;0,0
ADMIRAL;ANCONA FLAMINIA;22;0;0;0;22;0;0;310,0;44453,869999999995;0,0;100,0;0,0
ADMIRAL;BOLOGNA CARRACCI;21;0;0;0;21;0;0;4231,8;25317,87;0,0;100,0;0,0
ADMIRAL;TRENTO MACCANI;20;0;0;0;20;0;0;571,5;12867,64;0,0;100,0;0,0
SPORTBET;WWW.VSTART.IT;20;0;0;0;20;0;0;465,0;4049,46;0,0;100,0;0,0
BBET;WWW.SKILLJOY.EU;26;7;0;0;19;0;0;71,8;114703,98999999999;0,0;73,0769;0,0
ADMIRAL;ANCONA MONTEBELLO;16;0;0;0;16;0;0;1575,0;25295,0;0,0;100,0;0,0
ADMIRAL;FOLLONICA CASSARELLO;14;0;0;0;14;0;0;558,25;54585,62;0,0;100,0;0,0
ADMIRAL;FUCECCHIO DANTE;14;0;0;0;14;0;0;1035,0;44000,19;0,0;100,0;0,0
ADMIRAL;RIMINI ITALIA;14;0;0;0;14;0;0;333,0;33678,81;0,0;100,0;0,0
ADMIRAL;ROMA CASILINA;13;0;0;0;13;0;0;4105,15;30180,53;0,0;100,0;0,0
ADMIRAL;LAVAGNA BATTISTI;12;0;0;0;12;0;0;974,0;4642,4;0,0;100,0;0,0
ADMIRAL;PARMA LEPIDO;10;0;0;0;10;0;0;1914,0;21624,1;0,0;100,0;0,0
ADMIRAL;ROMA GAI;10;0;0;0;10;0;0;2135,0;4195,1900000000005;0,0;100,0;0,0
ADMIRAL;CHIARAVALLE MATTEOTTI;10;0;0;0;10;0;0;90,5;3280,5;0,0;100,0;0,0
BBET;www.mbet.it;10;1;0;0;9;0;0;44,6;74394,15;0,0;90,0;0,0
ADMIRAL;CASALE CORTE CERRO NOVARA;9;0;0;0;9;0;0;158,4;18895,489999999998;0,0;100,0;0,0
ADMIRAL;BRA VERDI;9;0;0;0;9;0;0;147,1;980,01;0,0;100,0;0,0
ADMIRAL;MONSUMMANO TERME ABRUZZO;8;0;0;0;8;0;0;35,0;4027,33;0,0;100,0;0,0
ADMIRAL;FIDENZA PERTINI;8;0;0;0;8;0;0;52,2;3444,81;0,0;100,0;0,0
BBET;WWW.GAM-X.EU;8;1;0;0;7;0;0;508,0;18009,620000000003;0,0;87,5;0,0
ADMIRAL;BOVOLONE MADONNA;7;0;0;0;7;0;0;28,5;1478,5;0,0;100,0;0,0
ADMIRAL;SAVONA SERVETTAZ;6;0;0;0;6;0;0;37,95;105842,94;0,0;100,0;0,0
ADMIRAL;CAMPI BISENZIO BARBERINESE;6;0;0;0;6;0;0;110,0;10000,0;0,0;100,0;0,0
ADMIRAL;L''AQUILA SARAGAT;6;0;0;0;6;0;0;2502,0;5663,25;0,0;100,0;0,0
ADMIRAL;CAZZAGO SAN MARTINO PERTINI;6;0;0;0;6;0;0;19,0;3885,42;0,0;100,0;0,0
ADMIRAL;PESCARA PEPE;6;0;0;0;6;0;0;121,2;1585,0;0,0;100,0;0,0
ADMIRAL;VERONA ALBERE;6;0;0;0;6;0;0;167,0;1166,59;0,0;100,0;0,0
ADMIRAL;CASTELLETTO SOPRA TICINO SEMPIONE;5;0;0;0;5;0;0;33,0;6350,92;0,0;100,0;0,0
ADMIRAL;COGORNO IV NOVEMBRE;5;0;0;0;5;0;0;69,0;1858,0;0,0;100,0;0,0
ADMIRAL;PERO CURIEL;5;0;0;0;5;0;0;113,6;1208,3;0,0;100,0;0,0
SPORTBET;WWW.BETX.IT;5;0;0;0;5;0;0;136,0;915,0;0,0;100,0;0,0
ADMIRAL;ROVIGO EINAUDI;4;0;0;0;4;0;0;21,0;24462,19;0,0;100,0;0,0
ADMIRAL;PORTO VIRO ROSSINI;4;0;0;0;4;0;0;24,4;13945,97;0,0;100,0;0,0
ADMIRAL;MARIGLIANO SAN FRANCESCO;4;0;0;0;4;0;0;550,0;3948,9;0,0;100,0;0,0
ADMIRAL;GROSSETO AQUILEIA;4;0;0;0;4;0;0;130,0;3685,69;0,0;100,0;0,0
ADMIRAL;ANCONA MUSONE;3;0;0;0;3;0;0;3,0;112891,24;0,0;100,0;0,0
ADMIRAL;SPINETOLI DE GASPERI;3;0;0;0;3;0;0;22,0;1200,69;0,0;100,0;0,0
ADMIRAL;CAIANELLO CERASELLE;3;0;0;0;3;0;0;23,0;689,0;0,0;100,0;0,0
ADMIRAL;MONTESARCHIO SAN GIOVANNI;3;0;0;0;3;0;0;5,0;62,0;0,0;100,0;0,0
ADMIRAL;SAN GIOVANNI TEATINO AMENDOLA;2;0;0;0;2;0;0;4,9;3908,4700000000003;0,0;100,0;0,0
ADMIRAL;FERRARA MODENA;2;0;0;0;2;0;0;25,0;1567,5;0,0;100,0;0,0
ADMIRAL;TORINO ALA DI STURA;2;0;0;0;2;0;0;7,0;1325,0;0,0;100,0;0,0
BBET;www.Q365.it;2;0;0;0;2;0;0;2,0;743,29;0,0;100,0;0,0
ADMIRAL;BRESCIA TRENTO;2;0;0;0;2;0;0;200,0;350,0;0,0;100,0;0,0
ADMIRAL;VALMONTONE GENAZZANO;2;0;0;0;2;0;0;9,0;299,20000000000005;0,0;100,0;0,0
ADMIRAL;VITERBO FALCONE E BORSELLINO;2;0;0;0;2;0;0;6,0;40,0;0,0;100,0;0,0
BBET;WWW.UNIONSBET.IT;2;0;0;0;2;0;0;13,0;32,03;0,0;100,0;0,0
ADMIRAL;MANZIANA BRACCIANESE CLAUDIA;2;0;0;0;2;0;0;7,0;27,5;0,0;100,0;0,0
ADMIRAL;STRIANO SARNO;1;0;0;0;1;0;0;1,0;30000,0;0,0;100,0;0,0
ADMIRAL;ASTI PETRARCA;1;0;0;0;1;0;0;5,0;17271,66;0,0;100,0;0,0
ADMIRAL;ROMA MASSAIA;1;0;0;0;1;0;0;100,0;1500,0;0,0;100,0;0,0
ADMIRAL;VICENZA CRISPI;1;0;0;0;1;0;0;1,0;1125,0;0,0;100,0;0,0
ADMIRAL;GATTINARA MARCONI;1;0;0;0;1;0;0;2,0;1000,0;0,0;100,0;0,0
ADMIRAL;MILANO POZZI;1;0;0;0;1;0;0;12,0;990,0;0,0;100,0;0,0
ADMIRAL;SALERNO POSIDONIA;1;0;0;0;1;0;0;1,0;221,22;0,0;100,0;0,0
ADMIRAL;GALATONE NIZZA;1;0;0;0;1;0;0;2,0;200,0;0,0;100,0;0,0
ADMIRAL;RIGNANO FLAMINIO FLAMINIA;1;0;0;0;1;0;0;20,0;200,0;0,0;100,0;0,0
ADMIRAL;SARNO ACQUAROSSA;1;0;0;0;1;0;0;20,0;120,0;0,0;100,0;0,0
ADMIRAL;CREVOLADOSSOLA SEMPIONE;1;0;0;0;1;0;0;1,5;96,23;0,0;100,0;0,0
ADMIRAL;PIACENZA I MAGGIO;1;0;0;0;1;0;0;3,0;58,5;0,0;100,0;0,0
ADMIRAL;ROMA CAPITOLINO;1;0;0;0;1;0;0;2,0;55,5;0,0;100,0;0,0
ADMIRAL;PESCANTINA BRENNERO;1;0;0;0;1;0;0;2,0;40,0;0,0;100,0;0,0
ADMIRAL;VILLA LITERNO DEI MILLE;1;0;0;0;1;0;0;1,0;33,0;0,0;100,0;0,0
ADMIRAL;ROMA CAPRANESI;1;0;0;0;1;0;0;1,0;4,0;0,0;100,0;0,0
ADMIRAL;TERNI CHIESA;1;0;0;0;1;0;0;1,0;2,5;0,0;100,0;0,0
