concessionario;nome_commerciale;payout_medio;payout_mediana;payout_p90;payout_p95;payout_p99;payout_massimo_osservato;ticket_vincenti_medio;ticket_vincenti_massimo;ticket_esclusi_compatibilita;num_ticket_compat;ticket_compatibili;ticket_correlati;ticket_misti;ticket_non_mappati;ticket_incompatibili;ticket_esclusi_montecarlo;importo_pagato_totale_compat;payout_potenziale_totale_compat;pct_incompatibili;pct_non_mappati;pct_correlati_misti;tail_ratio_p99_medio;tail_spread_p99_p95;tail_spread_p95_mediana;max_ratio_payout_medio;ticket_win_ratio_max_medio;compat_risk_score;cluster;cluster_label;risk_score_montecarlo;risk_score_commerciale
DOMUSBET;WWW.DOMUSBET.IT;966317,581522;839380,065;1600177,647;1695121,6370000003;1926937,5407000007;2345675,7;2877,3638;4160;0;11150;1083;0;5;10062;0;0;160110,3;16778941,57;0,0;90,2422;0,0448;1,9941037786614362;231815,90370000037;855741,5720000004;2,427437671480053;1,4457678240061267;83868,542;1;EXTREME;1684689,9759078666;1768558,5179078665
WILLIAMHILL;WWW.WILLIAMHILL.IT;903271,75758;907040,055;1054950,371;1100298,506;1215114,6813;1923652,95;1795,0738;2905;0;6980;1070;0;0;5910;0;0;147238,0;13431336,81;0,0;84,6705;0,0;1,3452371017947842;114816,1753;193258,451;2,1296502783987776;1,618317865259913;45171,705;1;EXTREME;1160510,6127301794;1205682,3177301795
STANLEYBET;WWW.STANLEYBET.IT;680609,30615;644301,6399999999;1031912,118;1071649,823;1163698,6715;1499113,47;894,9446;1973;0;4925;764;2;3;4156;0;0;80717,0;7841147,83;0,0;84,3858;0,1015;1,7097895385572814;92048,84849999985;427348,1830000002;2,2026050135576742;2,2046057376065513;36516,3955;1;EXTREME;1043250,5973038557;1079766,9928038558
STARCASINO;WWW.BETSSON.IT;459173,13426;451090,305;588636,8990000001;626921,27;735612,5375000001;1079685,11;1463,8328;2041;0;5814;731;0;3;5080;0;0;107441,4;8753314,65;0,0;87,3753;0,0516;1,6020374072745083;108691,26750000007;175830,96500000003;2,351368208290349;1,3942849210647557;43475,043;1;EXTREME;677277,5582407276;720752,6012407276
ADMIRAL;VICENZA CRISPI;6257,215932;4425,525;11054,037000000002;16784,1035;35751,5612;133139,13;8,2796;34;3;131;12;0;0;116;3;3;897,0;605255,18;2,2901;88,5496;0,0;5,713653098842745;18967,457699999995;12358,578500000001;21,27769465635887;4,1064785738441465;31755,496;3;RISKY;45865,841664884276;77621,33766488428
ADMIRAL;MILANO CUOCO;1204,808684;0,0;1928,6;1928,6;49803,8;102157,38;0,3208;4;0;5;0;0;0;5;0;0;164,9;103057,38;0,0;100,0;0,0;41,337517451027935;47875,200000000004;1928,6;84,79137090947462;12,468827930174564;1037,5;2;SAFE;44988,897745102804;46026,397745102804
ADMIRAL;CIVITANOVA MARCHE SONNINO;443,10417;112,92;702,56;941,0285000000003;11536,55;58741,43000000001;1,4376;8;0;16;2;0;0;14;0;0;119,7;69042,58;0,0;87,5;0,0;26,035751367449325;10595,521499999999;828,1085000000004;132,56799185618138;5,564830272676684;980,0;2;SAFE;19241,738261744937;20221,738261744937
ADMIRAL;L''AQUILA CROCE ROSSA;168,720144;2,75;283,32;439,09;9508,28;10833,43;1,247;4;0;8;1;0;0;7;0;0;27,0;11745,22;0,0;87,5;0,0;56,355333599051455;9069,19;436,34;64,20946392743714;3,2076984763432232;927,5;2;SAFE;11735,303859905147;12662,803859905147
ADMIRAL;MODENA FUSCO;511,993138;0,0;0,0;660,32;11730,83;19435,87;0,0566;2;0;3;0;0;0;3;0;0;11,0;20096,19;0,0;100,0;0,0;22,91208441938142;11070,51;660,32;37,9611923626992;35,3356890459364;1022,5;2;SAFE;11045,794441938142;12068,294441938142
ADMIRAL;GROTTAMMARE DALLA CHIESA;102,116416;0,0;180,0;450,0;630,0;36069,11;0,2252;3;0;7;0;0;0;7;0;0;59,5;93633,84;0,0;100,0;0,0;6,1694292130268265;180,0;450,0;353,21558876488575;13,321492007104794;1052,5;2;SAFE;8210,264921302683;9262,764921302683
ADMIRAL;LA SPEZIA ADAMELLO;176,047078;0,0;379,41;1152,36;4524,26;12626,87;0,1516;4;0;6;1;0;0;5;0;0;6,0;19674,870000000003;0,0;83,3333;0,0;25,699148497085538;3371,9000000000005;1152,36;71,72439408508673;26,38522427440633;870,833;2;SAFE;7213,082849708555;8083,915849708555
ADMIRAL;L''AQUILA SARAGAT;21,557576;0,0;0,0;51,12;1075,2;1971,32;0,074;3;0;4;0;0;0;4;0;0;5,0;3046,52;0,0;100,0;0,0;49,87573742057085;1024,0800000000002;51,12;91,44441842626462;40,54054054054054;1030,0;2;SAFE;5839,697742057085;6869,697742057085
ADMIRAL;NUORO MANNIRONI;69,102352;0,0;124,71;325,52;1732,08;14021,93;0,2136;3;0;9;4;0;0;5;0;0;47,05;69617,3;0,0;55,5556;0,0;25,065427584867155;1406,56;325,52;202,91537978331044;14,044943820224718;593,056;2;SAFE;6100,140758486716;6693,196758486716
BBET;www.Q365.it;22,134068;0,0;0,0;0,0;1178,31;2709,51;0,0382;2;0;3;2;0;0;1;0;0;22,0;4171,540000000001;0,0;33,3333;0,0;53,23513056885883;1178,31;0,0;122,41355723674475;52,35602094240838;340,833;2;SAFE;6346,739056885883;6687,572056885882
ADMIRAL;GIULIANELLO LECCI;70,192022;0,0;45,0;45,0;1684,25;11887,38;0,3318;2;0;4;1;0;0;3;0;0;18,0;11957,38;0,0;75,0;0,0;23,994892183046105;1639,25;45,0;169,35514409315635;6,027727546714889;772,5;2;SAFE;5471,915218304611;6244,415218304611
ADMIRAL;TARQUINIA MORO;3,80281;0,0;0,0;0,0;99,55;99,55;0,0382;1;0;1;1;0;0;0;0;0;1,0;99,55;0,0;0,0;0,0;26,17801047120419;99,55;0,0;26,17801047120419;26,17801047120419;0,0;2;SAFE;2682,5310471204193;2682,5310471204193
ADMIRAL;MONTECATINI TERME MARRUOTA;0,9;0,0;0,0;0,0;0,0;150,0;0,006;1;0;1;0;0;0;1;0;0;1,0;150,0;0,0;100,0;0,0;0,0;0,0;0,0;166,66666666666666;166,66666666666666;1007,5;2;SAFE;35,0;1042,5
SPORTBET;SPORTBET.IT;214460,301658;191398,08;372997,61300000007;434845,1915;528511,9837000001;860973,73;383,8652;655;0;2877;312;0;0;2565;0;0;33354,25;7818504,37;0,0;89,1554;0,0;2,4643814245063336;93666,79220000008;243447,11150000003;4,014606541834467;1,7063281589474637;20129,054;0;WATCH;495832,2754974507;515961,32949745073
ADMIRAL;WWW.ADMIRALBET.IT;221251,415316;200903,76;340382,80900000024;425945,3835;502964,2500000001;731740,55;449,1992;709;1;2095;368;4;4;1718;1;1;42887,8;5361082,58;0,0477;82,0048;0,3819;2,2732702038612804;77018,86650000012;225041,6235;3,3072807645316047;1,5783643425901026;29714,5955;0;WATCH;457792,4828953862;487507,07839538617
BBET;WWW.BBET.EU;123568,202452;118382,37;176634,27700000003;199768,335;281536,9371000001;464370,75;221,4448;382;0;1577;258;0;0;1319;0;0;11411,45;4345365,29;0,0;83,6398;0,0;2,2783930777771326;81768,6021000001;81385,965;3,758011695447173;1,7250348619610847;10728,898;0;WATCH;257568,84789777774;268297,7458977777
MARATHON;WWW.MARATHONBET_PVR.IT;100915,274994;96698,215;151270,26700000002;171762,52600000004;263949,6279;459402,82;302,1104;567;0;2032;344;0;2;1686;0;0;23101,55;4834995,41;0,0;82,9724;0,0984;2,6155567421849004;92187,10189999998;75064,31100000005;4,552361572886901;1,8767973561982638;16477,183999999997;0;WATCH;243497,60233421854;259974,78633421854
SPORTBET;WWW.VSTART.IT;92796,827062;95918,2;131415,103;143579,059;166556,09950000004;662646,6900000001;199,2994;328;0;1095;57;0;0;1038;0;0;17662,25;2441163,52;0,0;94,7945;0,0;1,7948469228233368;22977,040500000032;47660,85900000001;7,140833485149965;1,6457651151985406;8732,945;0;WATCH;236866,02724228238;245598,97224228238
ADMIRAL;MISANO ADRIATICO ADRIATICA;10909,34436;5738,05;13474,915;21424,038000000008;156730,2498000004;547870,9400000001;21,119;61;0;189;22;0;0;167;0;0;3864,85;1333472,29;0,0;88,3598;0,0;14,36660578564782;135306,2118000004;15685,988000000008;50,22033606426556;2,8883943368530707;2136,098;0;WATCH;179363,95799856496;181500,05599856496
STARCASINO;WWW.STARCASINO.IT;65823,944212;58444,630000000005;94890,88;108129,0975;151422,57440000048;277320,4;232,9164;388;0;1082;204;0;0;878;0;0;18982,05;2143237,33;0,0;81,146;0,0;2,300417822309643;43293,476900000474;49684,4675;4,213062637310683;1,6658337497917708;7396,46;0;WATCH;145235,42591723116;152631,88591723115
BBET;WWW.ALLINBET.EU;71687,355396;72169,19;103328,39600000004;112365,82700000002;134369,49020000003;237741,36;71,5344;144;0;604;139;0;1;464;0;0;5874,6;1299093,54;0,0;76,8212;0,1656;1,8743820225721084;22003,66320000001;40196,63700000002;3,316363934570049;2,013017513252365;5752,352;0;WATCH;130294,96303225722;136047,31503225723
BBET;WWW.BGAME.IT;66003,601862;65719,275;105771,54;110505,6755;124657,24540000004;165819,3;133,8602;227;1;689;111;0;0;577;1;1;8831,85;961306,2;0,1451;83,7446;0,0;1,8886430722467662;14151,569900000046;44786,4005;2,5122765322215925;1,6957990500537128;15164,946;0;WATCH;111977,0413422247;127141,98734222469
BBET;WWW.TOPBET24.IT;49137,73047;55360,095;77342,94900000001;88077,65900000003;121443,14700000008;203234,05;66,322;139;0;622;72;0;0;550;0;0;7126,7;1768340,5;0,0;88,4244;0,0;2,4714846582941923;33365,488000000056;32717,564000000028;4,136008074774235;2,095835469376677;5009,244;0;WATCH;112185,63201582947;117194,87601582948
TOTOSI;WWW.TOTOSI.IT;32376,765324;26957,370000000003;54471,94400000001;64267,798;93536,0460000002;238901,57;156,3414;257;0;817;145;0;1;671;0;0;11428,3;2247301,43;0,0;82,1297;0,1224;2,888986749107531;29268,248000000203;37310,428;7,37879672688948;1,6438384202776744;7356,857000000001;0;WATCH;102835,58057491084;110192,43757491084
ADMIRAL;RIMINI ITALIA;14629,565306;6092,0;42462,149000000005;47093,86450000002;112401,73420000012;206656,36;24,1408;59;0;219;23;0;0;196;0;0;2236,55;666569,26;0,0;89,4977;0,0;7,683190296426715;65307,869700000105;41001,86450000002;14,12593988115589;2,4439952279957584;2364,977;0;WATCH;99128,75083464273;101493,72783464273
ADMIRAL;ROVIGO EINAUDI;3653,672828;1254,955;4006,264000000012;13192,19050000002;50313,72210000019;351750,33;18,6828;43;0;153;20;0;0;133;0;0;999,9;982700,69;0,0;86,9281;0,0;13,77072454720628;37121,53160000017;11937,23550000002;96,27307823085685;2,3015822039522984;1866,781;0;WATCH;95365,67491972072;97232,45591972073
ADMIRAL;GENOVA P. DORIA;14258,172748;5035,9;67129,56;89387,6715;98583,52760000004;150967,44;14,8358;43;0;365;130;0;0;235;0;0;986,6;1566812,76;0,0;64,3836;0,0;6,914176826327791;9195,856100000048;84351,7715;10,58813374393828;2,8983944242979818;2406,3360000000002;0;WATCH;92880,23459763279;95286,57059763279
MARATHON;MARATHONBET.IT;48676,833202;55821,795;67489,044;72450,9265;110384,22430000005;124923,8;230,3042;305;0;548;70;0;1;477;0;0;16756,6;674087,52;0,0;87,0438;0,1825;2,2676952677247018;37933,297800000044;16629,131500000003;2,566391274501958;1,3243353790334695;5952,5005;0;WATCH;89002,95087177248;94955,45137177248
ADMIRAL;MONTEMURLO LABRIOLA;48044,410038;57403,76;68926,80700000002;78528,68550000002;91903,14080000002;129911,23;21,0878;42;0;126;10;0;0;116;0;0;6076,3;446180,37;0,0;92,0635;0,0;1,9128789536037725;13374,455300000001;21124,92550000002;2,7039822093194332;1,9916729104031714;1790,635;0;WATCH;82776,96159036038;84567,59659036038
MARATHON;WWW.MARATHONBET_TIPSTER.IT;53074,052568;52497,175;64877,92500000001;68770,60200000001;76373,85120000002;111795,08;424,532;684;0;1165;72;0;0;1093;0;0;34532,8;512485,35;0,0;93,8197;0,0;1,4390054556724805;7603,249200000006;16273,42700000001;2,1063980342704176;1,6111859647800402;9135,697;0;WATCH;73665,10752556726;82800,80452556726
ADMIRAL;FUCECCHIO DANTE;12628,19349;7757,719999999999;32097,311000000005;39380,885;50943,67510000001;175712,29;37,3886;86;0;347;61;0;0;286;0;0;2238,85;939574,65;0,0;82,4207;0,0;4,034122152178079;11562,790100000006;31623,165;13,914285534121953;2,300166360869356;2969,207;0;WATCH;66198,56150521782;69167,76850521781
ADMIRAL;TRENTO MACCANI;10426,481324;1630,26;47798,18;48698,18;71875,51000000001;104785,2;3,2868;11;0;42;8;0;0;34;0;0;708,8;482459,04;0,0;80,9524;0,0;6,893553804633469;23177,33000000001;47067,92;10,049910103306104;3,3467202141900936;1064,524;0;WATCH;62626,14438046335;63690,66838046335
360BET;360BET.IT;33717,474760000005;31381,705;47144,713;52373,823;62352,25880000002;91748,35;252,3678;339;0;688;112;0;0;576;0;0;22640,8;428826,26;0,0;83,7209;0,0;1,8492564832871252;9978,435800000021;20992,117999999995;2,721091975394423;1,3432775496715508;5157,209;0;WATCH;58263,95491832872;63421,163918328726
BBET;WWW.SPORTBULL.IT;16306,69493;14241,71;25909,28;32726,97550000001;51510,58030000008;131833,4;36,1786;98;0;314;78;0;1;235;0;0;3108,75;540766,93;0,0;74,8408;0,3185;3,1588608556865965;18783,60480000007;18485,265500000012;8,084618039763622;2,7087836455805365;4018,8705;0;WATCH;55958,542080568695;59977,41258056869
ADMIRAL;ROMA CASILINA;4705,437532;3147,325;8157,637000000004;11691,8585;25378,92190000006;171814,2;13,2138;30;0;138;24;0;0;114;0;0;1858,25;811178,6;0,0;82,6087;0,0;5,393530724275283;13687,06340000006;8544,533500000001;36,51396896283353;2,270353721109749;1681,087;0;WATCH;48126,726457427554;49807,813457427554
BBET;WWW.DNGAMES.IT;9023,199732;5419,565;17905,109000000004;21243,234000000004;32388,67840000004;140801,48;9,3936;40;0;153;9;0;0;144;0;0;446,85;460693,47;0,0;94,1176;0,0;3,5894892457202725;11145,444400000037;15823,669000000005;15,604384717392403;4,258218361437575;2021,176;0;WATCH;46985,524784572044;49006,70078457204
ADMIRAL;POGGIBONSI TRENTO;5644,174624;3896,665;11492,765;13965,807000000004;24068,011300000053;164766,9;17,5546;49;0;187;26;0;0;161;0;0;1376,35;602764,46;0,0;86,0963;0,0;4,264221591879658;10102,204300000049;10069,142000000003;29,192381699067713;2,7912911715447803;2068,4629999999997;0;WATCH;46743,45842918799;48811,92142918799
ADMIRAL;ANCONA FLAMINIA;42946,40177;42603,48;45759,977000000006;46805,09;48542,1557;72159,9;14,2216;30;0;108;1;0;0;107;0;0;2589,4;165378,57;0,0;99,0741;0,0;1,1302962227189168;1737,0657000000065;4201,609999999993;1,680231568326801;2,109467289193902;1793,241;0;WATCH;45813,14440227189;47606,385402271895
ADMIRAL;VILLA LITERNO DEI MILLE;8359,082232;1450,665;50003,88500000001;51267,0825;53134,04600000001;58160,05;5,6734;16;0;41;8;0;0;33;0;0;459,0;72008,92;0,0;80,4878;0,0;6,356444945187136;1866,9635000000126;49816,417499999996;6,957707603037251;2,8201783762823;1052,378;0;WATCH;46418,04351951872;47470,42151951871
ADMIRAL;VIGONZA VENEZIA;4141,6604;1063,79;6674,950000000002;13377,404500000011;53163,69680000002;90579,98;5,5582;19;0;74;13;0;0;61;0;0;350,0;182718,87;0,0;82,4324;0,0;12,836324484740473;39786,29230000001;12313,61450000001;21,870450797945676;3,4183728545212477;1281,824;0;WATCH;44104,45829347406;45386,28229347406
ADMIRAL;FAENZA MENGOLINA;21921,023246;19743,615;32955,312;35874,484000000004;43478,1209000001;75938,56;33,7356;55;0;191;15;0;0;176;0;0;6458,5;668228,33;0,0;92,1466;0,0;1,9833983300908955;7603,6369000001;16130,869000000002;3,4641886534131907;1,6303252350632567;2241,4660000000003;0;WATCH;42020,92119300913;44262,38719300913
ADMIRAL;TERNI CHIESA;6286,54618;4196,16;8972,978000000003;32836,454000000005;38789,16230000001;88789,81999999999;9,1844;25;0;78;8;0;0;70;0;0;1158,4;269603,56;0,0;89,7436;0,0;6,170186488632461;5952,708300000006;28640,294000000005;14,12378394395251;2,7220068812333955;1422,4360000000001;0;WATCH;42224,761068863256;43647,19706886326
ADMIRAL;CASTELLETTO SOPRA TICINO SEMPIONE;3950,823226;2215,105;12311,67400000001;15328,822000000002;20080,27130000002;147886,96;5,0014;20;0;101;11;0;0;90;0;0;808,05;1115940,27;0,0;89,1089;0,0;5,0825537239564715;4751,449300000017;13113,717000000002;37,43193545759519;3,9988803135122164;1566,089;0;WATCH;42049,96139239566;43616,05039239566
ADMIRAL;URGNANO ROMA;3547,153426;52,07;3581,2380000000044;42467,38350000001;42606,85;53146,45;0,913;4;0;17;4;0;0;13;0;0;295,65;101290,6;0,0;76,4706;0,0;12,011561069701528;139,46649999998772;42415,31350000001;14,982845007618229;4,381161007667032;862,206;0;WATCH;39510,031981970154;40372,23798197015
ADMIRAL;BOLOGNA CARRACCI;11134,31834;9645,855;17630,776000000005;20699,68800000001;30260,445400000022;94807,54;15,5454;44;0;232;41;0;0;191;0;0;4601,9;582173,71;0,0;82,3276;0,0;2,7177636273690395;9560,757400000013;11053,83300000001;8,51489396161813;2,8304192880208934;2255,776;0;WATCH;36732,38452273692;38988,160522736915
ADMIRAL;LAVAGNA BATTISTI;7975,217414;3316,16;27949,285;29445,6335;34355,00750000002;75262,16;12,4662;25;0;68;4;0;0;64;0;0;1384,25;219255,32;0,0;94,1176;0,0;4,307720494201441;4909,374000000022;26129,4735;9,437004170931058;2,0054226628804286;1421,176;0;WATCH;36711,61542442015;38132,79142442015
ADMIRAL;GROSSETO AQUILEIA;25274,55336;30965,61;33239,288;34061,3265;36808,183800000006;54011,01;6,5136;19;0;58;14;0;0;44;0;0;399,0;103253,98;0,0;75,8621;0,0;1,4563336995799638;2746,8573000000033;3095,7165000000023;2,1369718875222095;2,916973716531565;1088,621;0;WATCH;34281,440514958;35370,061514958
ADMIRAL;SAVONA SERVETTAZ;9598,591622;10174,82;14632,636;16541,306500000002;24926,457000000013;90570,83;12,1792;26;0;86;9;0;0;77;0;0;768,75;268319,33;0,0;89,5349;0,0;2,596886916500177;8385,15050000001;6366,486500000003;9,435845753913668;2,134787178139779;1472,849;0;WATCH;32609,764116650025;34082,61311665003
ADMIRAL;WWW.STARVEGAS.IT;10034,940266;8947,875;15732,026000000002;18591,7085;30143,97420000001;71245,12;52,678;87;0;241;60;2;0;179;0;0;2962,65;407740,64;0,0;74,2739;0,8299;3,0039017075301055;11552,26570000001;9643,8335;7,09970544033929;1,6515433387752003;2105,9865;0;WATCH;31689,930975753014;33795,91747575301
ADMIRAL;VICENZA PADANA SUPERIORE;2842,922772;778,23;10389,36;11407,4885;19157,1535;102095,95;5,6448;15;0;36;0;0;0;36;0;0;366,0;279988,57;0,0;100,0;0,0;6,7385416475885895;7749,665000000001;10629,2585;35,91231918275971;2,6573129251700682;1270,0;0;WATCH;31682,777689758863;32952,77768975886
ADMIRAL;ROMA GAI;9503,291986;7060,700000000001;25258,19100000001;28172,647500000006;32371,50680000001;48571,27;12,4588;41;0;163;15;0;0;148;0;0;4338,8;226256,23;0,0;90,7975;0,0;3,4063466478446482;4198,859300000004;21111,947500000006;5,11099417670781;3,2908466304941086;2017,975;0;WATCH;30251,653259784474;32269,628259784473
BBET;WWW.SKILLJOY.EU;1711,711922;342,27;2992,412000000016;5141,1775;39573,8543;47393,67999999999;5,4428;19;0;40;1;0;0;39;0;0;81,4;125603,21;0,0;97,5;0,0;23,11945940866094;34432,6768;4798,907499999999;27,687883335312772;3,49085029764092;1267,5;0;WATCH;29000,5180358661;30268,0180358661
ADMIRAL;VALMONTONE GENAZZANO;2277,305836;1673,08;3557,474;5230,614500000001;15086,315100000003;103339,22;6,875;22;0;56;6;0;0;50;0;0;962,05;232082,24;0,0;89,2857;0,0;6,6246328716649385;9855,700600000004;3557,5345000000007;45,377840062760896;3,2;1267,857;0;WATCH;28782,486952166495;30050,343952166495
ADMIRAL;CASALE CORTE CERRO NOVARA;3487,724178;2045,11;5633,33100000001;11968,708500000026;25762,1965;67622,62;8,5252;32;0;101;4;0;0;97;0;0;1246,9;251254,29;0,0;96,0396;0,0;7,386534939461029;13793,487999999972;9923,598500000026;19,38875224897443;3,7535776286773332;1687,896;0;WATCH;27720,233218946105;29408,129218946106
ADMIRAL;CAMPI BISENZIO BARBERINESE;11666,298262;5102,31;25421,439;27580,2355;30116,260300000005;41201,76;14,8856;52;0;95;5;0;0;90;0;0;3929,5;107802,61;0,0;94,7368;0,0;2,5814752566455517;2536,0248000000065;22477,925499999998;3,5316909506937826;3,49330896974257;1622,368;0;WATCH;27700,06252066456;29322,43052066456
ADMIRAL;BRA VERDI;5141,561152;3939,365;8138,385000000005;13975,438500000004;24612,202700000053;65769,73000000001;20,4962;38;0;105;17;0;0;88;0;0;1464,75;295951,64;0,0;83,8095;0,0;4,786912373963738;10636,764200000049;10036,073500000004;12,791782117463768;1,8540022052868335;1498,095;0;WATCH;27161,3779423964;28659,4729423964
ADMIRAL;PERO CURIEL;8841,252231999999;5203,555;21618,407000000003;22975,74300000001;27066,59050000001;39504,44;14,5798;35;0;81;16;0;0;65;0;0;5070,45;83327,79;0,0;80,2469;0,0;3,0613978415902765;4090,8475;17772,18800000001;4,468195111210352;2,4005816266341102;1289,969;0;WATCH;24952,59973415903;26242,56873415903
ADMIRAL;AFRAGOLA ITALIA;2691,56534;0,0;26372,14;26593,03;26593,03;26843,03;0,1984;3;0;4;0;0;0;4;0;0;12,0;27093,03;0,0;100,0;0,0;9,880135401059963;0,0;26593,03;9,973018154558343;15,120967741935484;1030,0;0;WATCH;23657,089040105995;24687,089040105995
ADMIRAL;PESCARA PEPE;1764,7051379999998;379,385;4564,035;4842,482499999999;23682,49810000066;54712,53;5,7958;22;0;46;2;0;0;44;0;0;719,65;176728,53;0,0;95,6522;0,0;13,420087917260124;18840,01560000066;4463,097499999999;31,00378007739444;3,7958521688118982;1286,522;0;WATCH;23078,134656726277;24364,656656726278
ADMIRAL;NOCERA INFERIORE NOCERA;1756,0806080000002;471,9500000000001;8182,66;8562,64;19485,31;53717,47;1,8936;9;0;37;13;0;0;24;0;0;213,45;142472,62;0,0;64,8649;0,0;11,095908645214081;10922,670000000002;8090,69;30,58941016447919;4,752851711026616;828,6490000000001;0;WATCH;21832,868864521406;22661,517864521407
ADMIRAL;TRAPANI FARDELLA;1014,77688;387,5;1747,9330000000018;3362,463500000002;20258,3312;39036,86;3,1578;13;0;60;5;0;0;55;0;0;170,5;157005,19999999998;0,0;91,6667;0,0;19,963335388563443;16895,8677;2974,963500000002;38,46841682084834;4,116790170371778;1329,167;0;WATCH;18812,653893856346;20141,820893856348
ADMIRAL;MONSUMMANO TERME ABRUZZO;5109,731486;4536,5;6796,5430000000015;8229,022500000001;20029,513400000287;39748,96;25,9716;42;0;93;11;0;0;82;0;0;3161,0;91783,32;0,0;88,172;0,0;3,919875918114005;11800,490900000286;3692,522500000001;7,7790702131622735;1,6171510419073143;1496,72;0;WATCH;18620,840576811515;20117,560576811517
ADMIRAL;FERRARA MODENA;2027,80757;1675,1150000000002;4345,15;5795,997000000004;18919,670200000022;38022,08;3,0016;18;0;53;7;0;0;46;0;0;293,0;178963,65;0,0;86,7925;0,0;9,330111239302664;13123,67320000002;4120,882000000003;18,75033931350794;5,99680170575693;1212,9250000000002;0;WATCH;17644,29445393028;18857,21945393028
SPORTBET;WWW.BETX.IT;3406,674814;2486,14;6485,020000000001;8370,2705;17781,550400000062;33783,75;10,9982;33;0;108;7;0;0;101;0;0;998,75;189935,43;0,0;93,5185;0,0;5,219620706656642;9411,279900000061;5884,130500000001;9,9169283376162;3,0004909894346348;1692,685;0;WATCH;16648,899855665688;18341,58485566569
ADMIRAL;PORTO VIRO ROSSINI;506,326132;45,0;1189,26;1623,3830000000044;4413,16;64447,03;0,8084;10;0;45;5;0;0;40;0;0;140,1;482251,38;0,0;88,8889;0,0;8,716042331388103;2789,7769999999955;1578,3830000000044;127,28363386150491;12,370113805047007;1188,8890000000001;0;WATCH;15982,119983138813;17171,008983138814
ADMIRAL;PARMA LEPIDO;7392,615543999999;6638,179999999999;13657,013000000004;15761,739999999998;17465,131699999998;21434,74;4,9512;11;0;26;0;0;0;26;0;0;1952,0;43906,23;0,0;100,0;0,0;2,362510480363755;1703,3917000000001;9123,559999999998;2,8994798758873483;2,2216836322507674;1195,0;0;WATCH;15504,686728036375;16699,686728036373
ADMIRAL;ROVERETO TRENTO;1757,851868;1239,54;3197,2200000000016;5185,752000000002;10632,908200000016;36569,1;16,2684;31;0;93;8;0;0;85;0;0;398,65;211562,55;0,0;91,3978;0,0;6,048807862347146;5447,156200000014;3946,2120000000023;20,803288755841855;1,9055346561431978;1551,478;0;WATCH;13623,302066234723;15174,780066234722
ADMIRAL;BOVOLONE MADONNA;811,434428;305,835;1944,64;2829,7585000000017;8048,617200000097;45590,12;2,3362;10;0;49;16;0;0;33;0;0;162,5;360873,78;0,0;67,3469;0,0;9,918998901535513;5218,858700000095;2523,9235000000017;56,18460152395703;4,280455440458865;920,969;0;WATCH;14086,81039515359;15007,77939515359
ADMIRAL;CAIANELLO CERASELLE;1374,971308;1037,33;2862,273000000001;3734,195000000002;7477,76770000001;43947,41;2,6836;10;0;44;3;0;0;41;0;0;328,8;132246,31;0,0;93,1818;0,0;5,438489993567204;3743,5727000000084;2696,865000000002;31,962419684178606;3,726337755254136;1239,318;0;WATCH;13307,986829356727;14547,304829356726
ADMIRAL;STRIANO SARNO;1906,430048;1419,4;4087,318;5245,2205;12105,111599999998;31282,19;3,7646;13;0;59;4;0;0;55;0;0;286,8;202348,77;0,0;93,2203;0,0;6,349622747868061;6859,891099999998;3825,8205000000003;16,408779347984762;3,4532221218721775;1344,703;0;WATCH;13109,750039786806;14454,453039786806
ADMIRAL;MILANO POZZI;2280,296862;1285,41;5474,842000000001;7010,4535000000005;15614,809900000002;21468,49;6,9376;23;0;48;10;0;0;38;0;0;612,15;32925,97;0,0;79,1667;0,0;6,8477092435695335;8604,3564;5725,043500000001;9,414778557021055;3,3152675276752768;1076,667;0;WATCH;13092,006259356955;14168,673259356954
ADMIRAL;MILANO LOMAZZO;5482,172476;5331,0;10584,44;12657,0;15166,5;16692,12;4,582;14;0;15;0;0;0;15;0;0;4597,0;16704,12;0,0;100,0;0,0;2,7665127404138246;2509,5;7326,0;3,0448002271134675;3,0554343081623747;1112,5;0;WATCH;12915,925274041383;14028,425274041383
ADMIRAL;ANCONA MUSONE;1599,9691;1557,14;2292,16;6335,444000000004;7755,8276;35949,840000000004;3,6434;10;0;27;0;0;0;27;0;0;584,6;269259,48;0,0;100,0;0,0;4,847485867070808;1420,3835999999956;4778,304000000004;22,46908393418348;2,744689026733271;1202,5;0;WATCH;12410,908626707083;13613,408626707083
BBET;WWW.SOCIALGAME24.IT;3502,306464;3272,73;4406,421;5024,3855;14251,038200000005;25387,23;7,775;22;0;57;18;0;0;39;0;0;304,75;107617,27;0,0;68,4211;0,0;4,069043742027027;9226,652700000004;1751,6555000000003;7,248717455469368;2,8295819935691315;976,711;0;WATCH;12550,862029202704;13527,573029202704
ADMIRAL;CHIARAVALLE MATTEOTTI;2138,906664;1033,015;5653,660000000001;6632,118000000003;12546,428800000003;19987,91;6,8724;27;0;72;4;0;0;68;0;0;1083,3;61166,53;0,0;94,4444;0,0;5,865814068079412;5914,3108;5599,103000000003;9,344919222711814;3,92875851231011;1454,444;0;WATCH;11395,764426807944;12850,208426807943
ADMIRAL;BRESCIA TRENTO;697,219324;693,75;1393,75;1566,7375000000002;2025,256300000003;48742,49;2,0;9;0;27;0;0;0;27;0;0;409,0;164633,67;0,0;100,0;0,0;2,904762146265474;458,5188000000028;872,9875000000002;69,90983801246449;4,5;1202,5;0;WATCH;11285,761109626548;12488,261109626548
ADMIRAL;ANCONA MONTEBELLO;2386,212434;928,0;6889,13;8263,0;11813,0;19500,0;2,6216;11;0;24;2;0;0;22;0;0;1516,95;38037,71;0,0;91,6667;0,0;4,9505231938624625;3550,0;7335,0;8,171946354043682;4,195910894110467;1081,667;0;WATCH;11241,002319386247;12322,669319386247
ADMIRAL;POGGIOMARINO LOSCO;584,085922;118,15;995,3070000000004;1409,6855000000005;3543,517600000041;42289,58;1,603;9;0;46;3;0;0;43;0;0;80,1;192691,75;0,0;93,4783;0,0;6,066774538695424;2133,8321000000406;1291,5355000000004;72,40301196644832;5,6144728633811605;1257,283;0;WATCH;10879,42186886956;12136,70486886956
ADMIRAL;COGORNO IV NOVEMBRE;1773,372158;782,14;4399,528000000001;5790,14;7363,995800000006;29828,76;5,5824;17;0;49;10;0;0;39;0;0;1044,0;67245,6;0,0;79,5918;0,0;4,152538296476405;1573,8558000000057;5008,0;16,820361064899497;3,0452851820005735;1088,4180000000001;0;WATCH;10859,139149647643;11947,557149647642
ADMIRAL;ASTI PETRARCA;1671,163356;1257,76;3475,4040000000005;4450,610500000001;6843,163600000005;30335,44;6,3908;22;0;63;1;0;0;62;0;0;570,8;100190,42;0,0;98,4127;0,0;4,094850198474556;2392,5531000000046;3192,8505000000005;18,152288877736737;3,4424485197471366;1449,127;0;WATCH;10436,491084847457;11885,618084847458
ADMIRAL;AVIGLIANO PORTA POTENZA;363,042598;37,5;1076,43;1136,43;6875,51;26598,95;1,277;6;0;16;2;0;0;14;0;0;77,5;55781,4;0,0;87,5;0,0;18,938576458732815;5739,08;1098,93;73,26674651000597;4,698512137823023;980,0;0;WATCH;10277,959145873283;11257,959145873283
ADMIRAL;CAZZAGO SAN MARTINO PERTINI;1146,848852;911,86;1963,3990000000024;3106,112500000002;5314,3112;29477,15;6,6672;23;0;73;10;0;0;63;0;0;514,75;117155,33;0,0;86,3014;0,0;4,633837484976616;2208,198699999998;2194,252500000002;25,702733144471946;3,4497240220782337;1335,5140000000001;0;WATCH;9376,066353497663;10711,580353497662
ADMIRAL;FIDENZA PERTINI;727,064136;358,41;1497,4430000000002;2854,3;4474,166500000029;30323,6;3,3544;11;0;33;3;0;0;30;0;0;251,3;66748,32;0,0;90,9091;0,0;6,153743911252459;1619,8665000000292;2495,8900000000003;41,70691208457571;3,2792749821130456;1134,091;0;WATCH;9238,33599112526;10372,42699112526
ADMIRAL;VERONA ALBERE;732,1592479999999;308,57;1535,0;1805,7480000000007;2877,9;36168,53;2,8806;9;0;27;5;0;0;22;0;0;153,25;97155,38;0,0;81,4815;0,0;3,9307022452579883;1072,1519999999994;1497,1780000000008;49,39981308547236;3,124349093938763;979,8149999999999;0;WATCH;9274,373224525798;10254,188224525798
BBET;www.mbet.it;991,681642;858,9;1709,63;2319,35;7665,769999999999;24440,48;1,8218;9;0;31;9;0;0;22;0;0;117,6;77162,84;0,0;70,9677;0,0;7,730071502120232;5346,419999999998;1460,4499999999998;24,64549000898012;4,940169063563508;874,6769999999999;0;WATCH;9352,248650212023;10226,925650212022
SPORTBET;WWW.STARGAME.IT;876,9575619999999;678,3;1360,508;2555,56;5905,154100000005;26600,84;5,306;13;0;26;4;0;0;22;0;0;412,0;36117,24;0,0;84,6154;0,0;6,733682855225788;3349,5941000000053;1877,26;30,333098376315732;2,4500565397663023;1011,154;0;WATCH;9059,487925522582;10070,641925522583
ADMIRAL;VITERBO FALCONE E BORSELLINO;420,47209;73,62;912,98;1012,579000000001;1821,59;38123,06;1,8384;7;0;17;2;0;0;15;0;0;39,6;56633,73;0,0;88,2353;0,0;4,332249496036705;809,010999999999;938,959000000001;90,66727829664033;3,8076588337684942;994,853;0;WATCH;9074,617699603672;10069,470699603671
ADMIRAL;SAN GIOVANNI TEATINO SALARA;4855,466074;4750,0;6486,5000000000055;7025,0;8544,051200000002;12729,32;9,6594;17;0;22;0;0;0;22;0;0;2827,5;14981,19;0,0;100,0;0,0;1,7596768404482526;1519,0512000000017;2275,0;2,621647398210201;1,7599436818021823;1165,0;0;WATCH;7980,7021640448265;9145,702164044826
ADMIRAL;PARTANNA PALERMO;514,24778;39,02;946,54;1888,86;7494,55;13459,51;0,6504;7;0;23;3;0;0;20;0;0;109,2;156592,42;0,0;86,9565;0,0;14,57381109161035;5605,6900000000005;1849,84;26,17320000875842;10,762607626076262;1019,565;0;WATCH;7654,318109161035;8673,883109161035
ADMIRAL;TORRE DEL GRECO PALOMBA;763,34145;388,28;2032,077000000004;3100,6000000000004;4412,926000000007;17592,08;2,0556;9;0;32;0;0;0;32;0;0;218,0;85001,89;0,0;100,0;0,0;5,781064293049993;1312,3260000000064;2712,3200000000006;23,046147959081747;4,378283712784588;1240,0;0;WATCH;6681,842829305003;7921,842829305003
ADMIRAL;GALATONE NIZZA;1244,4810699999998;680,5799999999999;2465,009;2878,1010000000024;7689,433700000001;9786,64;6,8834;22;0;55;4;0;0;51;0;0;243,8;55594,64;0,0;92,7273;0,0;6,1788273726011775;4811,332699999999;2197,5210000000025;7,864032837397841;3,196094953075515;1309,7730000000001;0;WATCH;6480,50946726012;7790,28246726012
ADMIRAL;TRENTOLA DUCENTA UNITA'' D''ITALIA;1113,700642;645,53;2971,845000000001;4083,15;5294,402900000002;14268,74;6,3972;15;0;47;8;0;0;39;0;0;355,15;30633,1;0,0;82,9787;0,0;4,7538833150820805;1211,2529000000018;3437,62;12,812006621793794;2,3447758394297504;1122,287;0;WATCH;6542,684991508209;7664,97199150821
ADMIRAL;MANZIANA BRACCIANESE CLAUDIA;791,88979;748,28;1276,26;1489,71;1999,6344000000024;25203,4;2,9976;8;0;18;1;0;0;17;0;0;197,25;79966,94;0,0;94,4444;0,0;2,5251422928435567;509,9244000000024;741,4300000000001;31,82690358970281;2,6688017080330932;1071,944;0;WATCH;6505,4754892843575;7577,419489284357
ADMIRAL;PINETO LIVORNO;1183,840114;927,785;2275,009;3138,1530000000016;5951,857200000002;12130,96;7,1478;27;0;100;23;0;0;77;0;0;634,2;54361,23;0,0;77,0;0,0;5,027585338268071;2813,7042000000006;2210,3680000000018;10,247127003503445;3,7773860488541926;1347,5;0;WATCH;6229,231663826809;7576,731663826809
ADMIRAL;CREVOLADOSSOLA SEMPIONE;303,613812;7,5;907,5;1016,2;4515,78;13638,49;0,6786;6;0;14;0;0;0;14;0;0;122,5;28020,5;0,0;100,0;0,0;14,873434018871315;3499,58;1008,7;44,920518965059465;8,841732979664014;1105,0;0;WATCH;6305,403401887132;7410,403401887132
ADMIRAL;LISSONE DE AMICIS;1082,485418;758,73;2399,231;3114,8520000000003;6165,855500000003;9797,15;3,3396;16;0;36;6;0;0;30;0;0;656,0;21460,9;0,0;83,3333;0,0;5,696017144870217;3051,003500000003;2356,1220000000003;9,050606906189289;4,790992933285423;1058,333;0;WATCH;5854,086914487024;6912,419914487024
ADMIRAL;PESCANTINA BRENNERO;861,9745140000001;709,46;1514,807;2152,554;4048,256000000005;13727,99;5,0218;17;0;51;6;0;0;45;0;0;403,5;45581,05;0,0;88,2353;0,0;4,696491525270321;1895,7020000000048;1443,094;15,926213335815632;3,3852403520649967;1219,853;0;WATCH;5457,688052527034;6677,5410525270345
ADMIRAL;NAPOLI VESPUCCI;1321,908754;0,0;3500,0;4851,11;5889,860000000001;7889,860000000001;1,256;8;0;13;2;0;0;11;0;0;962,05;13654,79;0,0;84,6154;0,0;4,455572279234638;1038,750000000001;4851,11;5,968536009861389;6,369426751592357;928,654;0;WATCH;5632,250727923465;6560,9047279234655
ADMIRAL;ROMA CAPRANESI;862,5198720000001;499,0;2428,3330000000005;3051,5240000000026;4019,96;8089,46;3,5576;17;0;47;1;0;0;46;0;0;290,0;16393,28;0,0;97,8723;0,0;4,660715805513638;968,4359999999974;2552,5240000000026;9,378867968853012;4,778502361142343;1323,723;0;WATCH;4539,828580551364;5863,551580551364
BBET;WWW.GAM-X.EU;988,059304;918,68;1261,42;1433,975;3108,82;11410,93;8,9728;18;0;29;2;0;0;27;0;0;626,5;15156,27;0,0;93,1034;0,0;3,146390087532641;1674,8450000000003;515,295;11,548831081094704;2,006062767475036;1133,5339999999999;0;WATCH;4288,846758753265;5422,380758753265
BBET;WWW.MINNIEBET.EU;840,3195720000001;676,78;1802,0060000000003;2183,9255000000003;2915,8998000000006;8426,72;7,647;20;0;82;4;0;0;78;0;0;647,5;37606,01;0,0;95,122;0,0;3,469989153126616;731,9743000000003;1507,1455000000003;10,02799444495147;2,6154047338825683;1536,22;0;WATCH;3844,684210312662;5380,904210312662
ADMIRAL;SALERNO POSIDONIA;540,8431479999999;251,96;1593,36;2165,245500000004;3489,4666000000025;6666,379999999999;3,879;14;0;28;2;0;0;26;0;0;196,8;16240,11;0,0;92,8571;0,0;6,451901282107031;1324,2210999999984;1913,285500000004;12,325902666330904;3,609177623098737;1123,571;0;WATCH;3985,5641432107054;5109,135143210706
ADMIRAL;MARTINSICURO COLOMBO;686,20984;540,39;1247,525;1613,9885000000002;3265,15;7006,719999999999;2,8286;9;0;25;2;0;0;23;0;0;199,6;20158,27;0,0;92,0;0,0;4,758238383757365;1651,1615;1073,5985;10,210754191458403;3,1817860425652267;1092,5;0;WATCH;3631,724963375737;4724,2249633757365
ADMIRAL;FONDI SAN MAGNO;1194,871658;1134,205;1675,58;1847,4;2312,6703;9395,32;5,9644;12;0;24;2;0;0;22;0;0;436,7;15107,03;0,0;91,6667;0,0;1,9354968247142073;465,27030000000013;713,1950000000002;7,863036952207966;2,0119374958084633;1081,667;0;WATCH;3519,5318024714215;4601,198802471421
ADMIRAL;LONATO MANTOVA;861,598568;673,3;1054,58;2355,64;2736,92;5989,05;2,377;7;0;16;1;0;0;15;0;0;443,05;16695,18;0,0;93,75;0,0;3,1765605255741325;381,2800000000002;1682,34;6,951090940067579;2,944888514934792;1050,0;0;WATCH;3234,1440525574135;4284,1440525574135
ADMIRAL;TORINO ALTESSANO;216,798332;0,0;523,87;605,26;1423,61;10300,22;0,4182;3;0;10;3;0;0;7;0;0;24,0;17178,88;0,0;70,0;0,0;6,566517310659013;818,3499999999999;605,26;47,51060538602299;7,173601147776183;752,5;0;WATCH;3452,4547310659013;4204,954731065902
ADMIRAL;TORINO BELLI;86,30808;35,0;350,0;385,0;778,8620000000013;7963,8;0,7584;5;0;8;0;0;0;8;0;0;58,0;9098,8;0,0;100,0;0,0;9,024207235290152;393,86200000000133;350,0;92,27177803051579;6,5928270042194095;1060,0;0;WATCH;2927,975523529016;3987,975523529016
ADMIRAL;SULMONA OVIDIO;271,40131;41,1;747,54;966,88;2291,1;3692,49;1,2908;8;0;17;2;0;0;15;0;0;128,4;58388,35;0,0;88,2353;0,0;8,441742598810594;1324,2199999999998;925,78;13,605276997373371;6,197706848466068;994,853;0;WATCH;2780,8322598810596;3775,6852598810597
ADMIRAL;CAMPOFRANCO GRANDE;321,19571599999995;59,17;642,4499999999999;934,48;1626,9299999999998;4866,05;0,9156;7;0;12;0;0;0;12;0;0;60,1;8678,57;0,0;100,0;0,0;5,065229450320564;692,4499999999998;875,3100000000001;15,149797327931985;7,6452599388379205;1090,0;0;WATCH;2399,1249450320565;3489,1249450320565
ADMIRAL;MILANO NOVARA;551,5200679999999;270,89;1854,37;1982,4465;2414,6349;3059,62;2,846;9;0;17;3;0;0;14;0;0;235,0;6276,67;0,0;82,3529;0,0;4,3781451303418395;432,1884;1711,5565000000001;5,547613183134436;3,162333099086437;928,529;0;WATCH;2556,204098034184;3484,733098034184
ADMIRAL;PIEVE EMANUELE PINI;110,023888;0,0;381,96;538,69;920,65;5295,18;0,2416;4;0;5;0;0;0;5;0;0;6,0;5833,87;0,0;100,0;0,0;8,367728288242278;381,9599999999999;538,69;48,12754844657008;16,556291390728475;1037,5;0;WATCH;2418,741328824228;3456,241328824228
ADMIRAL;MONTESARCHIO SAN GIOVANNI;149,564872;30,0;394,32;476,8;1606,01;3218,09;0,8232;5;0;13;2;0;0;11;0;0;46,4;5996,87;0,0;84,6154;0,0;10,737882355156229;1129,21;446,8;21,51634910635968;6,073858114674441;928,654;0;WATCH;2504,010235515623;3432,664235515623
ADMIRAL;SARNO ACQUAROSSA;126,48632;26,94;482,0100000000001;569,63;910,74;6889,54;1,3566;7;0;14;4;0;0;10;0;0;21,0;8684,289999999999;0,0;71,4286;0,0;7,200304349118545;341,11;542,6899999999999;54,46865716387353;5,159958720330237;789,2860000000001;0;WATCH;2639,6419349118546;3428,9279349118547
ADMIRAL;PIACENZA I MAGGIO;7,079754000000001;0,0;0,0;58,5;158,61;217,11;0,0844;2;0;2;0;0;0;2;0;0;5,5;217,11;0,0;100,0;0,0;22,403320793349597;100,11000000000001;58,5;30,666319761957826;23,696682464454977;1015,0;0;WATCH;2371,82307933496;3386,82307933496
ADMIRAL;ROMA MASSAIA;495,62939000000006;285,0;1587,84;1785,0;2110,0;3119,11;1,9246;7;0;9;1;0;0;8;0;0;294,0;3474,61;0,0;88,8889;0,0;4,257213237495863;325,0;1500,0;6,293230512419774;3,637119401434064;948,8890000000001;0;WATCH;2374,7933237495863;3323,6823237495864
ADMIRAL;FOLLONICA CASSARELLO;279,342056;205,53;556,1;704,61;1314,2730000000042;4095,39;1,5416;8;0;30;1;0;0;29;0;0;448,5;50897,91;0,0;96,6667;0,0;4,704887687946294;609,6630000000042;499,08000000000004;14,660842905802912;5,189413596263622;1184,167;0;WATCH;2031,428468794631;3215,595468794631
ADMIRAL;TEVEROLA CARINARO;488,630282;369,6;1282,3;1544,3600000000033;2009,048800000004;2972,44;1,7152;8;0;16;3;0;0;13;0;0;115,7;4430,2300000000005;0,0;81,25;0,0;4,111592903691556;464,6888000000006;1174,7600000000034;6,083208735720558;4,664179104477612;910,0;0;WATCH;2235,356810369158;3145,356810369158
ADMIRAL;CAVA DE TIRRENI CORTE;24,770292;0,0;0,0;403,29;403,29;603,29;0,07;2;0;3;0;0;0;3;0;0;3,0;753,29;0,0;100,0;0,0;16,28119684660964;0,0;403,29;24,355385071762576;28,57142857142857;1022,5;0;WATCH;2020,916184660964;3043,416184660964
ADMIRAL;GATTINARA MARCONI;421,86414;72,92;1630,29;1655,4699999999998;1716,27;1787,79;1,2884;6;0;7;0;0;0;7;0;0;118,5;1850,79;0,0;100,0;0,0;4,068300282645498;60,80000000000018;1582,5499999999997;4,237833535697061;4,656938838869916;1052,5;0;WATCH;1894,76352826455;2947,2635282645497
ADMIRAL;L''AQUILA STRADA STATALE 17;346,773604;196,9;1349,32;1478,99;1669,15;2023,99;1,4524;7;0;11;1;0;0;10;0;0;33,4;3373,88;0,0;90,9091;0,0;4,813370973876086;190,16000000000008;1282,09;5,836632248399161;4,819608923161664;984,0909999999999;0;WATCH;1958,5425973876086;2942,6335973876085
ADMIRAL;MARIGLIANO SAN FRANCESCO;44,027544;0,0;71,46;134,19;600,0;792,0;0,3442;3;0;4;0;0;0;4;0;0;116,0;863,46;0,0;100,0;0,0;13,627832613147806;465,81;134,19;17,988739049355104;8,715862870424171;1030,0;0;WATCH;1809,7307613147807;2839,7307613147805
ADMIRAL;ROCCAPIEMONTE GARGIULO;452,37968;411,58;1238,29;1634,63;1649,87;1649,87;1,794;4;0;4;0;0;0;4;0;0;240,5;1649,87;0,0;100,0;0,0;3,64709131055577;15,239999999999782;1223,0500000000002;3,64709131055577;2,229654403567447;1030,0;0;WATCH;1783,288631055577;2813,288631055577
ADMIRAL;CASCIA ROMA;280,045426;39,44;796,85;922,73;1336,3543;2153,06;2,22;9;0;13;1;0;0;12;0;0;147,5;2816,1;0,0;92,3077;0,0;4,771919752761825;413,62429999999995;883,29;7,688252690833093;4,0540540540540535;1013,077;0;WATCH;1718,0281952761827;2731,1051952761827
ADMIRAL;GUALDO TADINO FLAMINIA;228,836192;145,83999999999995;529,53;675,6030000000003;964,0243000000016;2443,32;2,2774;11;0;22;0;0;0;22;0;0;51,0;5819,99;0,0;100,0;0,0;4,212726542836378;288,42130000000134;529,7630000000004;10,677157221703812;4,8300693773601475;1165,0;0;WATCH;1519,4471242836387;2684,447124283639
ADMIRAL;VERONA SAN MICHELE;140,060808;0,0;1000,0;1000,0;1000,0;1175,32;0,1808;2;0;2;0;0;0;2;0;0;101,0;1175,32;0,0;100,0;0,0;7,13975604081907;0,0;1000,0;8,39149806989547;11,061946902654867;1015,0;0;WATCH;1609,0396040819069;2624,039604081907
ADMIRAL;SAN GIOVANNI TEATINO AMENDOLA;144,50698599999998;8,15;454,23;597,79;907,33;2168,7200000000003;0,7174;5;0;9;1;0;0;8;0;0;37,0;4027,45;0,0;88,8889;0,0;6,27879679118074;309,5400000000001;589,64;15,007717343160147;6,969612489545581;948,8890000000001;0;WATCH;1599,003179118074;2547,892179118074
BBET;WWW.UNIONSBET.IT;165,227214;107,4;228,5;500,0;1246,89;1727,1899999999998;1,7436;5;0;8;2;0;0;6;0;0;51,5;2248,06;0,0;75,0;0,0;7,546517125199485;746,8900000000001;392,6;10,453423247819211;2,8676301904106447;795,0;0;WATCH;1748,8457125199486;2543,8457125199484
ADMIRAL;SPINETOLI DE GASPERI;109,147842;0,0;692,32;692,32;740,1;1407,42;0,2326;3;0;5;0;0;0;5;0;0;26,0;1866,77;0,0;100,0;0,0;6,780711248510071;47,77999999999997;692,32;12,894620490985064;12,89767841788478;1037,5;0;WATCH;1443,6751248510072;2481,1751248510072
ADMIRAL;ROMA CAPITOLINO;202,139988;188,86;348,21200000000016;447,45;1162,2256000000011;2621,7200000000003;1,705;7;0;10;3;0;0;7;0;0;57,0;4402,25;0,0;70,0;0,0;5,749607544252952;714,7756000000011;258,59;12,969823664974198;4,105571847507331;752,5;0;WATCH;1711,0574944252958;2463,5574944252958
ADMIRAL;PALMA CAMPANIA TRIESTE;274,423242;192,0;1106,9299999999998;1106,9299999999998;1106,9299999999998;1106,9299999999998;0,7538;2;0;3;0;0;0;3;0;0;142,0;16370,44;0,0;100,0;0,0;4,033659802036738;0,0;914,9299999999998;4,033659802036738;2,6532236667551072;1022,5;0;WATCH;1354,2564802036736;2376,7564802036736
ADMIRAL;TORINO ALA DI STURA;153,471726;64,0;425,71;439,0;1000,0071000000002;1675,71;1,0712;4;0;9;3;0;0;6;0;0;97,0;3526,7200000000003;0,0;66,6667;0,0;6,5159044344102846;561,0071000000002;375,0;10,918688697095908;3,734129947722181;711,667;0;WATCH;1516,4852834410287;2228,152283441029
ADMIRAL;PALERMO FEDERICO;254,007866;213,93;491,87;596,51;848,4499000000003;1508,75;1,9304;7;0;16;4;0;0;12;0;0;43,0;32902,07;0,0;75,0;0,0;3,3402504944472873;251,9399000000003;382,58;5,939776683923639;3,626191462909242;840,0;0;WATCH;1159,282509444729;1999,282509444729
ADMIRAL;RIANO RIANESE;45,41;0,0;200,0;250,0;250,0;450,0;0,208;2;0;3;0;0;0;3;0;0;39,0;600,0;0,0;100,0;0,0;5,505395287381634;0,0;250,0;9,909711517286942;9,615384615384615;1022,5;0;WATCH;813,0395287381634;1835,5395287381634
ADMIRAL;TORINO SETTIMO;38,119186;0,0;171,48;171,48;224,59;254,15;0,4042;3;0;3;0;0;0;3;0;0;10,0;254,15;0,0;100,0;0,0;5,8917837332623;53,110000000000014;171,48;6,667246252320289;7,422068283028204;1022,5;0;WATCH;787,7143733262301;1810,21437332623
ADMIRAL;ROMA GREGOROVIUS;26,53936;29,01;52,69;81,7;81,7;81,7;0,8288;2;0;2;0;0;0;2;0;0;6,0;81,7;0,0;100,0;0,0;3,078446503608226;0,0;52,69;3,078446503608226;2,413127413127413;1015,0;0;WATCH;387,2896503608226;1402,2896503608226
ADMIRAL;PINETO NAZIONALE NORD;83,765736;101,88;101,88;101,88;101,88;101,88;0,8222;1;0;1;0;0;0;1;0;0;20,0;101,88;0,0;100,0;0,0;1,216249087813184;0,0;0,0;1,216249087813184;1,216249087813184;1007,5;0;WATCH;213,2229087813184;1220,7229087813184
