concessionario;nome_commerciale;payout_medio;payout_mediana;payout_p90;payout_p95;payout_p99;payout_massimo_osservato;ticket_vincenti_medio;ticket_vincenti_massimo;ticket_esclusi_compatibilita;num_ticket_compat;ticket_compatibili;ticket_correlati;ticket_misti;ticket_non_mappati;ticket_incompatibili;ticket_esclusi_montecarlo;importo_pagato_totale_compat;payout_potenziale_totale_compat;pct_incompatibili;pct_non_mappati;pct_correlati_misti;tail_ratio_p99_medio;tail_spread_p99_p95;tail_spread_p95_mediana;max_ratio_payout_medio;ticket_win_ratio_max_medio;compat_risk_score;cluster;cluster_label;risk_score_montecarlo;risk_score_commerciale
DOMUSBET;WWW.DOMUSBET.IT;14417568,62802;14394779,665;15456520,301;15744693,465;16344691,0913;17404967,43;74454,034;81305;20;323280;44417;172;386;278285;20;20;5822733,9;238847174,09;0,0062;86,0817;0,1726;1,1336648718657534;599997,6262999997;1349913,8000000007;1,2072054504512018;1,0920160484521229;2867002,6319999998;1;EXTREME;14361681,655257186;17228684,287257187
STANLEYBET;WWW.STANLEYBET.IT;151202,62196000002;86309,76999999999;372524,0280000001;481099,1114999998;645786,8894999999;747569,17;249,358;388;0;1597;340;0;0;1257;0;0;22789,8;3864785,5;0,0;78,7101;0,0;4,271003248018014;164687,7780000001;394789,34149999986;4,944154805713397;1,555995797207228;10214,601;2;RISKY;530470,4679998017;540685,0689998018
STARCASINO;WWW.BETSSON.IT;237297,01889;206292,205;378221,8230000001;475538,521;519690,9315;566244,45;754,034;975;0;2867;550;0;1;2316;0;0;90459,4;3716173,14;0,0;80,7813;0,0349;2,190044080329997;44152,4105;269246,316;2,386226563859552;1,2930451412005295;19678,6855;2;RISKY;445103,897258033;464782,582758033
WILLIAMHILL;WWW.WILLIAMHILL.IT;224178,96918;209813,04;314738,699;338106,2985;399666,4722;574949,77;912,102;1249;0;3496;550;0;0;2946;0;0;107239,35;5234821,55;0,0;84,2677;0,0;1,7828009186673344;61560,17370000004;128293,25849999997;2,564690934671734;1,3693643912632578;22937,677;2;RISKY;365806,39759686677;388744,0745968668
SPORTBET;SPORTBET.IT;95465,36788;84369,825;149251,89200000005;167664,4914999999;197090,0379;229986,53;340,426;489;0;1715;229;0;0;1486;0;0;24773,2;2813668,27;0,0;86,6472;0,0;2,0645187074305547;29425,54640000011;83294,66649999989;2,4091095557196525;1,4364355249011533;12011,472;2;RISKY;169400,89590574306;181412,36790574307
MARATHON;WWW.MARATHONBET_PVR.IT;77280,87875;71027,09;119732,868;135362,466;181572,13579999987;273973,88;166,372;246;0;1013;174;0;1;838;0;0;23277,6;4210335,26;0,0;82,7246;0,0987;2,349509202494671;46209,66979999989;64335,37599999999;3,5451703504341943;1,4786141898877214;8614,7135;2;RISKY;162729,19774024945;171343,91124024946
BBET;WWW.BBET.EU;35583,718369999995;31814,505;58188,218;71171,42399999998;95244,52709999998;148751,08000000002;111,655;194;0;768;112;0;0;656;0;0;7563,55;2252756,2;0,0;85,4167;0,0;2,6766322200970136;24073,103099999993;39356,91899999998;4,180312986217017;1,7374949621602256;5774,167;2;RISKY;86878,54606200969;92652,71306200969
STARCASINO;WWW.STARCASINO.IT;23078,04113;18424,27;39900,026;42519,20249999999;60609,517;97942,77;147,565;198;0;642;185;0;0;457;0;0;12820,85;1038561,13;0,0;71,1838;0,0;2,6262851625310364;18090,314500000008;24094,93249999999;4,243981083501952;1,3417815877748789;4139,338;2;RISKY;55714,789941253104;59854,1279412531
BBET;WWW.BGAME.IT;22051,0626;20061,645;32998,121;38795,549;46557,26119999999;67427,35;57,179;87;0;431;43;0;1;387;0;0;12196,85;805774,99;0,0;89,7912;0,232;2,111338670817614;7761,7121999999945;18733,904;3,0577823492279235;1,5215376274506374;5306,212;2;RISKY;42453,39559708176;47759,60759708176
MARATHON;MARATHONBET.IT;22360,43891;21574,35;28945,78;31810,9395;40394,43919999999;74186,88;159,144;201;0;394;63;0;0;331;0;0;14645,45;363209,68;0,0;84,0102;0,0;1,8065136987062833;8583,499699999993;10236,589500000002;3,31777387280275;1,2630070879203739;3322,602;2;RISKY;40133,53792487063;43456,13992487063
360BET;360BET.IT;14386,55895;10374,5;28646,813;33984,03149999999;47855,1769;56691,10999999999;78,522;127;0;266;94;0;0;172;0;0;7826,4;234018,95;0,0;64,6617;0,0;3,326381038462293;13871,145400000009;23609,53149999999;3,940560782952201;1,6173811161203229;1936,617;2;RISKY;39943,93873884623;41880,555738846226
TOTOSI;WWW.TOTOSI.IT;11829,28435;10307,43;19868,61;22092,598;29499,9242;65930,29000000001;59,516;93;0;292;75;0;0;217;0;0;4411,85;640215,22;0,0;74,3151;0,0;2,4938046400076606;7407,3261999999995;11785,168000000001;5,573480867420353;1,5626050137778078;2370,651;2;RISKY;31223,55764400077;33594,20864400077
BBET;WWW.TOPBET24.IT;11041,28595;9473,505;18881,348;23247,999;30537,071999999996;40477,46;29,965;61;0;210;40;0;0;170;0;0;3708,3;371915,06;0,0;80,9524;0,0;2,765716977015707;7289,072999999997;13774,494;3,6660095738214262;2,0357083263807776;2084,524;2;RISKY;26703,892247701566;28788,416247701567
BBET;WWW.ALLINBET.EU;5594,63191;4874,0650000000005;9173,624;11613,202499999996;19490,815599999994;61832,59;25,664;45;0;239;49;0;0;190;0;0;1620,8;516852,56;0,0;79,4979;0,0;3,483842353446269;7877,613099999999;6739,137499999995;11,052128360666359;1,753428927680798;2219,9790000000003;2;RISKY;23639,529100344625;25859,508100344625
BBET;WWW.SKILLJOY.EU;90,08511;0,0;13,94;20,46;255,56;48449,37;0,439;3;0;8;5;0;0;3;0;0;8,0;59076,38;0,0;37,5;0,0;2,836872819492589;235,1;20,46;537,8177370266851;6,83371298405467;397,5;2;RISKY;10095,90028194926;10493,40028194926
ADMIRAL;STRIANO SARNO;30,0;0,0;0,0;0,0;0,0;30000,0;0,001;1;0;1;0;0;0;1;0;0;1,0;30000,0;0,0;100,0;0,0;0,0;0,0;0,0;1000,0;1000,0;1007,5;3;SAFE;6005,0;7012,5
ADMIRAL;ASTI PETRARCA;17,27166;0,0;0,0;0,0;0,0;17271,66;0,001;1;0;1;0;0;0;1;0;0;5,0;17271,66;0,0;100,0;0,0;0,0;0,0;0,0;1000,0;1000,0;1007,5;3;SAFE;3459,3320000000003;4466,832
ADMIRAL;GATTINARA MARCONI;2,0;0,0;0,0;0,0;0,0;1000,0;0,002;1;0;1;0;0;0;1;0;0;2,0;1000,0;0,0;100,0;0,0;0,0;0,0;0,0;500,0;500,0;1007,5;3;SAFE;205,0;1212,5
MARATHON;WWW.MARATHONBET_TIPSTER.IT;30508,85429;29024,695;49153,022;54093,6655;62084,82459999999;76582,73999999999;145,596;264;0;474;37;0;0;437;0;0;15413,6;311554,98;0,0;92,1941;0,0;2,034977256433709;7991,15909999999;25068,970500000003;2,510180791190897;1,813236627379873;4199,441;0;WATCH;55197,39194064336;59396,83294064336
ADMIRAL;FAENZA MENGOLINA;6926,95183;2138,57;6802,254000000001;52286,6105;55151,7727;101243,06;6,124;18;0;56;0;0;0;56;0;0;1795,8;213903,76;0,0;100,0;0,0;7,961910816405951;2865,162199999999;50148,0405;14,615816954511722;2,939255388634879;1420,0;0;WATCH;56267,1647866406;57687,1647866406
ADMIRAL;MONTEMURLO LABRIOLA;23026,296;20835,0;38233,0;41257,3;47188,09;58963,0;12,136;30;0;45;0;0;0;45;0;0;15024,0;85998,0;0,0;100,0;0,0;2,0493130983810857;5930,789999999994;20422,300000000003;2,5606810578653207;2,4719841793012525;1337,5;0;WATCH;41337,09230983811;42674,59230983811
ADMIRAL;WWW.ADMIRALBET.IT;11458,0185;7721,32;25017,604;31180,889;43584,72749999999;60320,29;59,744;111;0;321;0;0;0;321;0;0;5279,55;511659,16;0,0;100,0;0,0;3,8038625526743557;12403,838499999994;23459,569;5,264460866422933;1,857927155865024;3407,5;0;WATCH;38228,55750526743;41636,05750526743
BBET;WWW.SPORTBULL.IT;5476,719349999999;2724,4400000000005;14524,489000000014;24294,4375;31340,64499999999;50944,49;11,915;23;0;99;11;0;0;88;0;0;925,2;228688,95;0,0;88,8889;0,0;5,7225216406241435;7046,2074999999895;21569,997499999998;9,302008509893794;1,930339907679396;1548,8890000000001;0;WATCH;29486,01753906241;31034,90653906241
BBET;WWW.DNGAMES.IT;4646,65192;1231,38;17210,167;21858,885;28467,9349;33927,07;6,382;27;0;49;5;0;0;44;0;0;137,55;64032,71;0,0;89,7959;0,0;6,126547757422725;6609,049900000002;20627,504999999997;7,301401220515781;4,230648699467252;1227,959;0;WATCH;24384,963985742274;25612,922985742272
ADMIRAL;SAN GIOVANNI TEATINO SALARA;7522,0918;4974,9;19004,9;21319,4;24504,9;27904,9;13,18;29;0;33;0;0;0;33;0;0;6051,0;31064,9;0,0;100,0;0,0;3,2577241346615846;3185,5;16344,500000000002;3,709726063167695;2,200303490136571;1247,5;0;WATCH;21183,56241346616;22431,06241346616
ADMIRAL;PARMA LEPIDO;4944,90562;473,86;21164,626;21294,1;21445,9;21624,1;2,452;10;0;10;0;0;0;10;0;0;1914,0;21624,1;0,0;100,0;0,0;4,336968518319264;151,8000000000029;20820,239999999998;4,37300560652561;4,078303425774878;1075,0;0;WATCH;18710,401851831928;19785,401851831928
ADMIRAL;BOLOGNA CARRACCI;7899,95325;6758,0;11955,0;12936,0;16111,44;18080,0;6,785;12;0;21;0;0;0;21;0;0;4231,8;25317,87;0,0;100,0;0,0;2,0394348536176468;3175,4400000000005;6178,0;2,288621138359268;1,7686072218128224;1157,5;0;WATCH;13558,519485361765;14716,019485361765
ADMIRAL;ANCONA MONTEBELLO;2779,485;1600,0;9650,0;10859,99999999999;13951,0;16700,0;2,572;10;0;16;0;0;0;16;0;0;1575,0;25295,0;0,0;100,0;0,0;5,019275153490664;3091,000000000009;9259,99999999999;6,0083072943369;3,8880248833592534;1120,0;0;WATCH;12187,327515349065;13307,327515349065
ADMIRAL;MISANO ADRIATICO ADRIATICA;5760,12367;3042,29;11946,9;12404,79;13405,29;14824,79;12,206;30;0;38;0;0;0;38;0;0;3546,0;17806,3;0,0;100,0;0,0;2,327257324320608;1000,5;9362,5;2,5736930054489613;2,4578076355890546;1285,0;0;WATCH;11810,997232432062;13095,997232432062
ADMIRAL;ROMA CASILINA;3680,6953;3209,95;4239,95;12024,95;12024,95;13265,53;7,176;10;0;13;0;0;0;13;0;0;4105,15;30180,53;0,0;100,0;0,0;3,267032182750906;0,0;8815,0;3,6040826308007623;1,3935340022296543;1097,5;0;WATCH;10846,02671827509;11943,52671827509
ADMIRAL;FUCECCHIO DANTE;2894,23519;3000,0;5000,0;5400,0;6950,674999999999;22547,69;2,211;5;0;14;0;0;0;14;0;0;1035,0;44000,19;0,0;100,0;0,0;2,401558458004928;1550,6749999999993;2400,0;7,790552087095589;2,2614201718679334;1105,0;0;WATCH;8904,963845800494;10009,963845800494
ADMIRAL;POGGIBONSI TRENTO;279,70672;156,25;524,5;915,7354999999968;1337,5485999999992;36191,83;2,793;10;0;47;0;0;0;47;0;0;154,35;200971,6;0,0;100,0;0,0;4,781968055683464;421,81310000000235;759,4854999999968;129,39206465972643;3,580379520229144;1352,5;0;WATCH;8530,516120568345;9883,016120568345
ADMIRAL;ROMA CAPRANESI;0,048;0,0;0,0;0,0;4,0;4,0;0,012;1;0;1;0;0;0;1;0;0;1,0;4,0;0,0;100,0;0,0;83,33333333333333;4,0;0,0;83,33333333333333;83,33333333333333;1007,5;0;WATCH;8340,733333333334;9348,233333333334
ADMIRAL;CAMPI BISENZIO BARBERINESE;271,0;0,0;1000,0;1000,0;8000,0;9000,0;0,183;5;0;6;0;0;0;6;0;0;110,0;10000,0;0,0;100,0;0,0;29,52029520295203;7000,0;1000,0;33,210332103321036;27,3224043715847;1045,0;0;WATCH;8227,029520295204;9272,029520295204
ADMIRAL;WWW.STARVEGAS.IT;1682,74393;1120,885;3040,853;4449,095499999999;8776,350199999999;10124,7;7,939;16;0;37;0;0;0;37;0;0;914,1;18323,08;0,0;100,0;0,0;5,215499544247352;4327,2546999999995;3328,2104999999992;6,016779986245441;2,015367174707142;1277,5;0;WATCH;7249,303909424735;8526,803909424736
ADMIRAL;MILANO POZZI;14,85;0,0;0,0;0,0;990,0;990,0;0,015;1;0;1;0;0;0;1;0;0;12,0;990,0;0,0;100,0;0,0;66,66666666666667;990,0;0,0;66,66666666666667;66,66666666666667;1007,5;0;WATCH;7265,666666666668;8273,166666666668
BBET;WWW.SOCIALGAME24.IT;1505,13996;1150,29;2279,6470000000004;6417,706499999998;7634,326199999999;8898,0;8,062;16;0;26;3;0;0;23;0;0;313,4;11643,06;0,0;88,4615;0,0;5,072170298368797;1216,6197000000002;5267,416499999998;5,911742586383794;1,9846192011907717;1057,115;0;WATCH;7024,97413483688;8082,08913483688
ADMIRAL;RIMINI ITALIA;583,83902;307,25;1049,05;1377,25;1724,63;21802,6;3,319;7;0;14;0;0;0;14;0;0;333,0;33678,81;0,0;100,0;0,0;2,953947819383501;347,3800000000001;1070,0;37,34351294300268;2,1090689966857488;1105,0;0;WATCH;5725,07928193835;6830,07928193835
ADMIRAL;L''AQUILA SARAGAT;4494,807;5627,25;5663,25;5663,25;5663,25;5663,25;4,411;6;0;6;0;0;0;6;0;0;2502,0;5663,25;0,0;100,0;0,0;1,2599539869008838;0,0;36,0;1,2599539869008838;1,3602357742008615;1045,0;0;WATCH;4969,757898690089;6014,757898690089
ADMIRAL;TRENTO MACCANI;1116,45239;1000,3;2534,75;3136,7414999999987;4145,1604;8401,46;1,742;11;0;20;0;0;0;20;0;0;571,5;12867,64;0,0;100,0;0,0;3,7127963871347887;1008,418900000001;2136,441499999999;7,525139518040711;6,314580941446613;1150,0;0;WATCH;4548,821173713478;5698,821173713478
ADMIRAL;FOLLONICA CASSARELLO;9,4;0,0;0,0;0,0;400,0;400,0;0,025;1;0;14;0;0;0;14;0;0;558,25;54585,62;0,0;100,0;0,0;42,5531914893617;400,0;0,0;42,5531914893617;40,0;1105,0;0;WATCH;4500,31914893617;5605,31914893617
ADMIRAL;PESCANTINA BRENNERO;0,88;0,0;0,0;0,0;40,0;40,0;0,022;1;0;1;0;0;0;1;0;0;2,0;40,0;0,0;100,0;0,0;45,45454545454545;40,0;0,0;45,45454545454545;45,45454545454546;1007,5;0;WATCH;4574,454545454546;5581,954545454546
ADMIRAL;MONSUMMANO TERME ABRUZZO;35,930550000000004;16,2;30,2;68,7;1018,2;2853,16;1,798;5;0;8;0;0;0;8;0;0;35,0;4027,33;0,0;100,0;0,0;28,338002062311876;949,5;52,5;79,40763500697872;2,7808676307007785;1060,0;0;WATCH;3853,887206231188;4913,8872062311875
ADMIRAL;SALERNO POSIDONIA;5,97294;0,0;0,0;0,0;221,22;221,22;0,027;1;0;1;0;0;0;1;0;0;1,0;221,22;0,0;100,0;0,0;37,03703703703704;221,22;0,0;37,03703703703704;37,03703703703704;1007,5;0;WATCH;3841,435703703704;4848,935703703704
ADMIRAL;ROMA GAI;2955,3894000000005;2790,19;3874,97;3920,19;4150,4222;4195,1900000000005;5,256;10;0;10;0;0;0;10;0;0;2135,0;4195,1900000000005;0,0;100,0;0,0;1,4043571381828734;230,23219999999992;1130,0;1,4195049897654772;1,9025875190258752;1075,0;0;WATCH;3669,6900938182876;4744,690093818288
BBET;WWW.MINNIEBET.EU;161,05559;65,0;255,142;331,0099999999998;2780,9293;3070,17;5,075;12;0;27;2;0;0;25;0;0;76,0;6125,77;0,0;92,5926;0,0;17,26689089152385;2449,9193;266,0099999999998;19,062796888949958;2,3645320197044333;1113,426;0;WATCH;3595,8473091523847;4709,273309152384
ADMIRAL;MARIGLIANO SAN FRANCESCO;1879,465;1276,9;3948,9;3948,9;3948,9;3948,9;1,863;4;0;4;0;0;0;4;0;0;550,0;3948,9;0,0;100,0;0,0;2,1010766361704;0,0;2672,0;2,1010766361704;2,147074610842727;1030,0;0;WATCH;3586,6726636170406;4616,672663617041
ADMIRAL;CASTELLETTO SOPRA TICINO SEMPIONE;40,72483999999999;0,0;100,0;300,0;750,0;5000,0;0,159;2;0;5;0;0;0;5;0;0;33,0;6350,92;0,0;100,0;0,0;18,416278615213717;450,0;300,0;122,77519076809143;12,578616352201257;1037,5;0;WATCH;3226,6278615213714;4264,127861521371
ADMIRAL;LAVAGNA BATTISTI;1715,9784;1665,2;2325,2;2782,4;2782,4;3442,4;8,803;11;0;12;0;0;0;12;0;0;974,0;4642,4;0,0;100,0;0,0;1,6214656315021216;0,0;1117,2;2,00608585749098;1,2495740088606155;1090,0;0;WATCH;2714,1865631502124;3804,1865631502124
ADMIRAL;SPINETOLI DE GASPERI;63,012260000000005;0,0;25,0;1125,69;1125,69;1150,69;0,122;2;0;3;0;0;0;3;0;0;22,0;1200,69;0,0;100,0;0,0;17,86461872657797;0,0;1125,69;18,261366914946393;16,39344262295082;1022,5;0;WATCH;2758,2983726577972;3780,7983726577972
ADMIRAL;GROSSETO AQUILEIA;190,9657;48,19;185,69;1548,19;2048,19;2185,69;0,791;3;0;4;0;0;0;4;0;0;130,0;3685,69;0,0;100,0;0,0;10,725433939183842;500,0;1500,0;11,445458529987322;3,7926675094816686;1030,0;0;WATCH;2731,0048939183844;3761,0048939183844
ADMIRAL;CREVOLADOSSOLA SEMPIONE;3,65674;0,0;0,0;0,0;96,23;96,23;0,038;1;0;1;0;0;0;1;0;0;1,5;96,23;0,0;100,0;0,0;26,315789473684212;96,23;0,0;26,315789473684212;26,315789473684212;1007,5;0;WATCH;2694,3169473684216;3701,8169473684216
ADMIRAL;TORINO ALA DI STURA;10,025;0,0;0,0;0,0;200,0;1125,0;0,027;1;0;2;0;0;0;2;0;0;7,0;1325,0;0,0;100,0;0,0;19,950124688279303;200,0;0,0;112,21945137157107;37,03703703703704;1015,0;0;WATCH;2305,01246882793;3320,01246882793
ADMIRAL;ANCONA FLAMINIA;420,87025;202,42;1079,98;1420,9164999999998;1699,3299;2201,85;1,984;12;0;22;0;0;0;22;0;0;310,0;44453,87;0,0;100,0;0,0;4,037657449059419;278,41340000000014;1218,4964999999997;5,2316598761732385;6,048387096774194;1165,0;0;WATCH;1939,0968299059418;3104,096829905942
SPORTBET;WWW.VSTART.IT;658,0520399999999;584,48;1112,21;1249,46;1791,2599999999984;2806,46;5,605;11;0;20;0;0;0;20;0;0;465,0;4049,46;0,0;100,0;0,0;2,722064352235727;541,7999999999984;664,98;4,264799483031768;1,9625334522747546;1150,0;0;WATCH;1917,3674352235723;3067,367435223572
ADMIRAL;GALATONE NIZZA;11,0;0,0;0,0;200,0;200,0;200,0;0,055;1;0;1;0;0;0;1;0;0;2,0;200,0;0,0;100,0;0,0;18,181818181818183;0,0;200,0;18,181818181818183;18,181818181818183;1007,5;0;WATCH;1993,1818181818185;3000,6818181818185
ADMIRAL;ROMA MASSAIA;228,0;0,0;1500,0;1500,0;1500,0;1500,0;0,152;1;0;1;0;0;0;1;0;0;100,0;1500,0;0,0;100,0;0,0;6,578947368421052;0,0;1500,0;6,578947368421052;6,578947368421053;1007,5;0;WATCH;1937,8947368421054;2945,3947368421054
BBET;www.Q365.it;5,724049999999999;0,0;0,0;0,0;100,38;642,91;0,03;1;0;2;0;0;0;2;0;0;2,0;743,29;0,0;100,0;0,0;17,536534446764094;100,38;0,0;112,31732776617955;33,333333333333336;1015,0;0;WATCH;1927,3874446764094;2942,3874446764094
ADMIRAL;CAIANELLO CERASELLE;59,184;0,0;29,0;660,0;675,0;689,0;0,387;3;0;3;0;0;0;3;0;0;23,0;689,0;0,0;100,0;0,0;11,405109489051096;15,0;660,0;11,641659908083266;7,751937984496124;1022,5;0;WATCH;1728,3109489051096;2750,8109489051094
ADMIRAL;FIDENZA PERTINI;86,12139;0,0;211,44;298,94;697,4;2411,44;1,052;6;0;8;0;0;0;8;0;0;52,2;3444,81;0,0;100,0;0,0;8,097872084972153;398,46;298,94;28,00047700112597;5,703422053231939;1060,0;0;WATCH;1675,7702084972152;2735,770208497215
ADMIRAL;SAVONA SERVETTAZ;37,46;0,0;0,0;330,0;360,0;2200,0;0,082;1;0;6;0;0;0;6;0;0;37,95;105842,94;0,0;100,0;0,0;9,610250934329951;30,0;330,0;58,72931126534971;12,195121951219512;1045,0;0;WATCH;1632,5250934329952;2677,525093432995
ADMIRAL;PESCARA PEPE;179,265;0,0;1000,0;1000,0;1065,0;1520,0;0,498;5;0;6;0;0;0;6;0;0;121,2;1585,0;0,0;100,0;0,0;5,940925445569409;65,0;1000,0;8,479067302596714;10,040160642570282;1045,0;0;WATCH;1599,092544556941;2644,092544556941
ADMIRAL;PORTO VIRO ROSSINI;19,065;0,0;45,0;255,0;255,0;315,0;0,108;2;0;4;0;0;0;4;0;0;24,4;13945,97;0,0;100,0;0,0;13,375295043273013;0,0;255,0;16,522423288749014;18,51851851851852;1030,0;0;WATCH;1576,2795043273015;2606,2795043273018
ADMIRAL;CHIARAVALLE MATTEOTTI;545,7865;506,5;524,0;900,0;1121,525;2365,0;1,817;6;0;10;0;0;0;10;0;0;90,5;3280,5;0,0;100,0;0,0;2,0548786017975895;221,5250000000001;393,5;4,333196222332359;3,302146395156852;1075,0;0;WATCH;1382,0978601797592;2457,097860179759
ADMIRAL;CASALE CORTE CERRO NOVARA;88,1375;0,0;250,0;347,5;700,0;1000,0;0,603;4;0;9;0;0;0;9;0;0;158,4;18895,49;0,0;100,0;0,0;7,942135867252872;352,5;347,5;11,345908381789817;6,633499170812604;1067,5;0;WATCH;1381,0885867252873;2448,5885867252873
BBET;WWW.GAM-X.EU;51,18823;39,26;96,466;111,811;158,53959999999998;4767,200000000001;1,965;6;0;15;1;0;0;14;0;0;15,0;7588,73;0,0;93,3333;0,0;3,097188552915387;46,72859999999997;72,55100000000002;93,13078416659457;3,0534351145038165;1038,333;0;WATCH;1384,5274452915387;2422,860445291539
ADMIRAL;VERONA ALBERE;332,3579;168,69;953,34;1114,22;1166,59;1166,59;2,05;6;0;6;0;0;0;6;0;0;167,0;1166,59;0,0;100,0;0,0;3,510041434249043;52,36999999999989;945,53;3,510041434249043;2,9268292682926833;1045,0;0;WATCH;1359,5131434249042;2404,5131434249042
ADMIRAL;VILLA LITERNO DEI MILLE;2,739;0,0;0,0;33,0;33,0;33,0;0,083;1;0;1;0;0;0;1;0;0;1,0;33,0;0,0;100,0;0,0;12,048192771084338;0,0;33,0;12,048192771084338;12,048192771084336;1007,5;0;WATCH;1237,8692771084338;2245,369277108434
ADMIRAL;ROVIGO EINAUDI;46,3333;65,54;82,19;82,19;365,54;382,19;0,733;3;0;4;0;0;0;4;0;0;21,0;24462,19;0,0;100,0;0,0;7,889358193782874;283,35;16,64999999999999;8,248710970295662;4,092769440654843;1030,0;0;WATCH;1047,1373193782874;2077,1373193782874
BBET;www.mbet.it;11,08917;0,0;11,37;84,0;95,37;554,05;0,235;2;0;3;0;0;0;3;0;0;9,0;638,05;0,0;100,0;0,0;8,600282978798234;11,370000000000005;84,0;49,96316225650793;8,51063829787234;1022,5;0;WATCH;1039,9862978798235;2062,4862978798237
SPORTBET;WWW.BETX.IT;172,3825;100,0;440,0;612,5;612,5;900,0;0,686;4;0;5;0;0;0;5;0;0;136,0;915,0;0,0;100,0;0,0;3,5531448957985874;0,0;512,5;5,220947601989761;5,830903790087463;1037,5;0;WATCH;953,4394895798587;1990,9394895798587
ADMIRAL;BRA VERDI;209,10345;149,36;449,36;533,01;670,01;833,01;2,8;6;0;9;0;0;0;9;0;0;147,1;980,01;0,0;100,0;0,0;3,2042034696223327;137,0;383,65;3,9837219328518967;2,142857142857143;1067,5;0;WATCH;918,2788469622333;1985,7788469622333
ADMIRAL;MONTESARCHIO SAN GIOVANNI;5,864;0,0;12,0;40,0;52,0;62,0;0,374;3;0;3;0;0;0;3;0;0;5,0;62,0;0,0;100,0;0,0;8,867667121418826;12,0;40,0;10,572987721691678;8,02139037433155;1022,5;0;WATCH;944,9667121418827;1967,4667121418827
ADMIRAL;CAZZAGO SAN MARTINO PERTINI;64,29084;0,0;150,0;185,0;200,0;2315,42;0,499;3;0;6;0;0;0;6;0;0;19,0;3885,42;0,0;100,0;0,0;3,1108630716288665;15,0;185,0;36,01477286655455;6,012024048096192;1045,0;0;WATCH;915,4203071628867;1960,4203071628867
ADMIRAL;PERO CURIEL;136,39895;190,0;236,8;290,55;562,05;789,4499999999999;0,828;3;0;5;0;0;0;5;0;0;113,6;1208,3;0,0;100,0;0,0;4,12063289343503;271,49999999999994;100,55000000000001;5,787801152428225;3,6231884057971016;1037,5;0;WATCH;882,410789343503;1919,910789343503
ADMIRAL;BOVOLONE MADONNA;46,749;16,0;200,0;222,5;246,06499999999997;722,5;0,71;3;0;7;0;0;0;7;0;0;28,5;1478,5;0,0;100,0;0,0;5,26353504887805;23,56499999999997;206,5;15,4548760401292;4,225352112676057;1052,5;0;WATCH;839,9045048878052;1892,4045048878052
ADMIRAL;ROMA CAPITOLINO;6,7155;0,0;55,5;55,5;55,5;55,5;0,121;1;0;1;0;0;0;1;0;0;2,0;55,5;0,0;100,0;0,0;8,264462809917356;0,0;55,5;8,264462809917356;8,264462809917356;1007,5;0;WATCH;878,6212809917357;1886,1212809917356
ADMIRAL;RIGNANO FLAMINIO FLAMINIA;30,4;0,0;200,0;200,0;200,0;200,0;0,152;1;0;1;0;0;0;1;0;0;20,0;200,0;0,0;100,0;0,0;6,578947368421053;0,0;200,0;6,578947368421053;6,578947368421053;1007,5;0;WATCH;832,8947368421054;1840,3947368421054
ADMIRAL;SAN GIOVANNI TEATINO AMENDOLA;15,63388;0,0;0,0;0,0;0,0;3908,47;0,008;2;0;2;0;0;0;2;0;0;4,9;3908,47;0,0;100,0;0,0;0,0;0,0;0,0;250,0;250,0;1015,0;0;WATCH;791,694;1806,694
ADMIRAL;VALMONTONE GENAZZANO;80,4005;134,62;134,62;164,58;299,20000000000005;299,20000000000005;0,585;2;0;2;0;0;0;2;0;0;9,0;299,20000000000005;0,0;100,0;0,0;3,7213698919782847;134,62000000000003;29,960000000000008;3,7213698919782847;3,418803418803419;1015,0;0;WATCH;602,8019891978286;1617,8019891978286
ADMIRAL;PIACENZA I MAGGIO;10,53;0,0;58,5;58,5;58,5;58,5;0,18;1;0;1;0;0;0;1;0;0;3,0;58,5;0,0;100,0;0,0;5,555555555555556;0,0;58,5;5,555555555555556;5,555555555555555;1007,5;0;WATCH;610,2805555555557;1617,7805555555556
ADMIRAL;SARNO ACQUAROSSA;23,88;0,0;120,0;120,0;120,0;120,0;0,199;1;0;1;0;0;0;1;0;0;20,0;120,0;0,0;100,0;0,0;5,025125628140704;0,0;120,0;5,025125628140704;5,025125628140703;1007,5;0;WATCH;609,5125628140704;1617,0125628140704
ADMIRAL;MANZIANA BRACCIANESE CLAUDIA;5,02;0,0;15,0;15,0;27,5;27,5;0,343;2;0;2;0;0;0;2;0;0;7,0;27,5;0,0;100,0;0,0;5,478087649402391;12,5;15,0;5,478087649402391;5,830903790087463;1015,0;0;WATCH;578,058764940239;1593,0587649402391
ADMIRAL;FERRARA MODENA;33,7725;0,0;67,5;67,5;67,5;1567,5;0,373;2;0;2;0;0;0;2;0;0;25,0;1567,5;0,0;100,0;0,0;1,9986675549633577;0,0;67,5;46,41350210970464;5,361930294906166;1015,0;0;WATCH;567,2417554963358;1582,2417554963358
ADMIRAL;ROVERETO TRENTO;35,15345;33,33;58,71300000000001;67,285;82,58749999999999;91,98;6,596;16;0;26;0;0;0;26;0;0;28,0;171,38;0,0;100,0;0,0;2,3493426676471296;15,302499999999995;33,955;2,6165283919501503;2,425712553062462;1195,0;0;WATCH;383,18651676471296;1578,186516764713
ADMIRAL;COGORNO IV NOVEMBRE;26,35;20,0;46,0;70,0;96,0;122,0;1,169;3;0;5;0;0;0;5;0;0;69,0;1858,0;0,0;100,0;0,0;3,6432637571157493;26,0;50,0;4,629981024667932;2,5662959794696323;1037,5;0;WATCH;459,62637571157495;1497,1263757115748
ADMIRAL;VITERBO FALCONE E BORSELLINO;9,73;0,0;25,0;25,0;40,0;40,0;0,418;2;0;2;0;0;0;2;0;0;6,0;40,0;0,0;100,0;0,0;4,110996916752312;15,0;25,0;4,110996916752312;4,784688995215311;1015,0;0;WATCH;451,34969167523127;1466,3496916752313
ADMIRAL;BRESCIA TRENTO;299,6;350,0;350,0;350,0;350,0;350,0;1,712;2;0;2;0;0;0;2;0;0;200,0;350,0;0,0;100,0;0,0;1,1682242990654206;0,0;0,0;1,1682242990654206;1,1682242990654206;1015,0;0;WATCH;424,3224299065421;1439,322429906542
ADMIRAL;TERNI CHIESA;1,635;2,5;2,5;2,5;2,5;2,5;0,654;1;0;1;0;0;0;1;0;0;1,0;2,5;0,0;100,0;0,0;1,529051987767584;0,0;0,0;1,529051987767584;1,529051987767584;1007,5;0;WATCH;160,0301987767584;1167,5301987767584
ADMIRAL;ANCONA MUSONE;0,0;0,0;0,0;0,0;0,0;0,0;0,0;0;0;3;0;0;0;3;0;0;3,0;112891,24;0,0;100,0;0,0;0,0;0,0;0,0;0,0;0,0;1022,5;0;WATCH;0,0;1022,5
ADMIRAL;VICENZA CRISPI;0,0;0,0;0,0;0,0;0,0;0,0;0,0;0;0;1;0;0;0;1;0;0;1,0;1125,0;0,0;100,0;0,0;0,0;0,0;0,0;0,0;0,0;1007,5;0;WATCH;0,0;1007,5
